AC,ABL,assis brasil,68
AC,BLI,brasileia,68
AC,CZU,cruzeiro do sul,68
AC,EPT,epitaciolandia,68
AC,FJO,feijo,68
AC,MLI,mancio lima,68
AC,PCY,placido de castro,68
AC,RBO,rio branco,68
AC,SMD,sena madureira,68
AC,SWD,senador guiomard,68
AC,TAU,tarauaca,68
AC,XPI,xapuri,68
AL,AAD,anadia,82
AL,ABN,agua branca,82
AL,AIR,arapiraca,82
AL,ATL,atalaia,82
AL,BDG,barra de sao miguel,82
AL,BLN,belo monte,82
AL,BLX,belem,82
AL,BNA,barra de santo antonio,82
AL,BOD,boca da mata,82
AL,BQH,branquinha,82
AL,BTH,batalha,82
AL,CBH,cacimbinhas,82
AL,CGN,campo grande,82
AL,CHK,cha preta,82
AL,CJO,cajueiro,82
AL,CKN,carneiros,82
AL,CLR,campo alegre,82
AL,CNK,canapi,82
AL,COL,colonia leopoldina,82
AL,CPA,capela,82
AL,CUI,coruripe,82
AL,CYO,coite do noia,82
AL,DGA,delmiro gouveia,82
AL,DSH,dois riachos,82
AL,EAL,estrela de alagoas,82
AL,FGE,feira grande,82
AL,FXS,flexeiras,82
AL,FZO,feliz deserto,82
AL,GUP,girau do ponciano,82
AL,IBG,ibateguara,82
AL,ICY,igaci,82
AL,IGJ,igreja nova,82
AL,IHP,inhapi,82
AL,JAA,jaramataia,82
AL,JPE,jacuipe,82
AL,JPG,japaratinga,82
AL,JQG,joaquim gomes,82
AL,JQO,junqueiro,82
AL,JSH,jacare dos homens,82
AL,JUD,jundia,82
AL,KIS,craibas,82
AL,LDC,lagoa da canoa,82
AL,LIM,limoeiro de anadia,82
AL,MBO,maribondo,82
AL,MCO,maceio,82
AL,MEA,messias,82
AL,MGI,maragogi,82
AL,MGR,mata grande,82
AL,MHD,marechal deodoro,82
AL,MJR,major isidoro,82
AL,MNX,minador do negrao,82
AL,MON,monteiropolis,82
AL,MRI,murici,82
AL,MVI,maravilha,82
AL,MVM,mar vermelho,82
AL,MZC,matriz de camaragibe,82
AL,NLO,novo lino,82
AL,OGG,olho dagua grande,82
AL,OHD,olho dagua do casado,82
AL,OIV,olivenca,82
AL,OLF,olho dagua das flores,82
AL,OUB,ouro branco,82
AL,PCH,poco das trincheiras,82
AL,PCV,porto calvo,82
AL,PEG,passo de camaragibe,82
AL,PIB,piacabucu,82
AL,PIN,palmeira dos indios,82
AL,PJO,paulo jacinto,82
AL,PKW,pao de acucar,82
AL,PLC,porto real do colegio,82
AL,PLR,pilar,82
AL,PND,penedo,82
AL,POP,porto de pedras,82
AL,PSY,palestina,82
AL,PYD,pindoba,82
AL,PYH,piranhas,82
AL,QGO,quebrangulo,82
AL,RGO,rio largo,82
AL,RTI,roteiro,82
AL,SJJ,sao jose da laje,82
AL,SLQ,sao luis do quitunde,82
AL,SMM,sao miguel dos campos,82
AL,SNN,santana do ipanema,82
AL,SOB,sao bras,82
AL,STU,satuba,82
AL,SUD,santana do mundau,82
AL,SUP,senador rui palmeira,82
AL,SWS,sao sebastiao,82
AL,SYM,sao miguel dos milagres,82
AL,SZT,santa luzia do norte,82
AL,TQD,tanque darca,82
AL,TRP,traipu,82
AL,UPS,uniao dos palmares,82
AL,VIS,vicosa,82
AM,AAK,anama,97
AM,ANR,anori,97
AM,ATK,amatura,97
AM,ATN,atalaia do norte,97
AM,AVY,alvaraes,97
AM,AZS,autazes,92
AM,BAE,barreirinha,92
AM,BBA,borba,92
AM,BCL,barcelos,97
AM,BCT,benjamin constant,97
AM,BDE,boca do acre,97
AM,BRY,beruri,97
AM,BVK,boa vista do ramos,92
AM,CGW,caapiranga,92
AM,CJS,codajas,97
AM,CRI,coari,97
AM,CTM,canutama,97
AM,CUY,carauari,97
AM,CVZ,careiro da varzea,92
AM,CXY,careiro,92
AM,EIE,eirunepe,97
AM,EVI,envira,97
AM,FTB,fonte boa,97
AM,HUT,humaita,97
AM,IKT,itamarati,97
AM,IOT,itacoatiara,92
AM,IRD,iranduba,92
AM,IXN,ipixuna,97
AM,IXT,itapiranga,92
AM,JPU,japura,97
AM,JRA,jurua,97
AM,JTY,jutai,97
AM,LEA,labrea,97
AM,MAX,maraa,97
AM,MIC,manicore,97
AM,MNS,manaus,92
AM,MPU,manacapuru,92
AM,MQR,manaquiri,92
AM,MUS,maues,92
AM,NHM,nhamunda,92
AM,NLN,nova olinda do norte,92
AM,NON,novo aripuana,97
AM,NOR,novo airao,92
,PADRE,,
,EVA,,
AM,PAR,parintins,92
AM,PFG,presidente figueiredo,92
AM,PYI,pauini,97
AM,RPE,rio preto da eva,92
AM,SBH,sao gabriel da cachoeira,97
AM,SDO,sao paulo de olivenca,97
AM,SIC,santo antonio do ica,97
AM,SKK,sao sebastiao do uatuma,92
AM,SKV,silves,92
AM,SZL,santa isabel do rio negro,97
AM,TBN,tabatinga,97
AM,TFE,tefe,97
AM,TNI,tonantins,97
AM,TPU,tapaua,97
AM,UAI,uarini,97
AM,UCU,urucurituba,92
AM,UUR,urucara,92
AP,AAP,amapa,96
AP,COK,calcoene,96
AP,FEG,ferreira gomes,96
AP,LJI,laranjal do jari,96
AP,MPA,macapa,96
AP,MZG,mazagao,96
AP,OPQ,oiapoque,96
AP,SQA,santana,96
AP,TGO,tartarugalzinho,96
BA,AAC,araci,75
BA,AAE,anage,77
BA,AAM,aramari,75
BA,AAW,aracatu,77
BA,ABE,abare,75
BA,ABR,abaira,77
BA,ACK,aracas,75
BA,ADK,andorinha,74
BA,AED,america dourada,74
BA,AEL,aurelino leal,73
BA,AEX,anguera,75
BA,AFA,agua fria,75
BA,AIQ,aiquara,73
BA,AJB,acajutiba,75
BA,ALC,alcobaca,73
BA,ALM,almadina,73
BA,ANI,andarai,75
BA,ANL,angical,77
BA,ANX,antas,75
BA,APE,apuarema,73
BA,APR,apora,75
BA,ARA,amargosa,75
BA,ARG,amelia rodrigues,75
BA,ASN,adustina,75
BA,ATC,antonio cardoso,75
BA,ATW,arataca,73
BA,AUP,aratuipe,75
BA,AVS,antonio goncalves,74
BA,BAA,barra,74
BA,BAV,barra da estiva,77
BA,BCH,barra do rocha,73
BA,BDS,barra do mendes,74
BA,BES,barreiras,77
BA,BHO,barra do choca,77
BA,BIA,buritirama,77
BA,BIR,biritinga,75
BA,BJD,bom jesus da serra,77
BA,BJL,brejolandia,77
BA,BJX,brejoes,75
BA,BLE,belmonte,73
BA,BLP,belo campo,77
BA,BLT,barro alto,74
BA,BMP,bom jesus da lapa,77
BA,BNK,bonito,75
BA,BOL,boninal,75
BA,BOV,boa nova,77
BA,BPL,baianopolis,77
BA,BPO,barro preto,73
BA,BQA,boquira,77
BA,BRM,brumado,77
BA,BSC,brotas de macaubas,77
BA,BTM,boa vista do tupim,75
BA,BUE,buerarema,73
BA,BUR,botupora,77
BA,BXD,baixa grande,74
BA,BZE,banzae,75
BA,CAL,central,74
BA,CAR,camacari,71
BA,CAU,catu,71
BA,CAV,castro alves,75
BA,CCC,conceicao do coite,75
BA,CCE,cacule,77
BA,CCG,capim grosso,74
BA,CCN,camacan,73
BA,CDC,contendas do sincora,77
BA,CDG,caldeirao grande,74
BA,CDL,conceicao do almeida,75
BA,CDS,candido sales,77
BA,CDT,cicero dantas,75
BA,CEI,coracao de maria,75
BA,CEU,condeuba,77
BA,CFA,conceicao da feira,75
BA,CFM,cafarnaum,74
BA,CFS,campo formoso,74
BA,CGP,cotegipe,77
BA,CGR,campo alegre de lourdes,74
BA,CHE,cachoeira,75
BA,CIN,carinhanha,77
BA,CIP,cipo,75
BA,CIS,candeias,71
BA,CIU,cairu,75
BA,CIZ,caraibas,77
BA,CJP,conceicao do jacuipe,75
BA,CKH,chorrocho,75
BA,CKT,cristopolis,77
BA,CKX,caem,74
BA,CKY,catolandia,77
BA,CMM,camamu,73
BA,CNR,canarana,74
BA,CNW,candeal,75
BA,CNX,conde,75
BA,COC,coaraci,73
BA,COX,cocos,77
BA,CPK,canapolis,77
BA,CPQ,cabaceiras do paraguacu,75
BA,CRJ,coronel joao sa,75
BA,CRV,caravelas,73
BA,CRX,curaca,74
BA,CSK,crisopolis,75
BA,CSO,cansancao,75
BA,CSV,casa nova,74
BA,CSW,cardeal da silva,75
BA,CTB,caatiba,77
BA,CTF,caturama,77
BA,CTI,correntina,77
BA,CTT,caetite,77
BA,CUS,canudos,75
BA,CVO,cravolandia,73
BA,CVS,canavieiras,73
BA,CWG,capela do alto alegre,75
BA,CWS,cordeiros,77
BA,CYB,coribe,77
BA,CZM,cruz das almas,75
BA,DBL,dom basilio,77
BA,DDC,dom macedo costa,75
BA,DMA,dario meira,73
BA,DSA,dias davila,71
BA,ECN,euclides da cunha,75
BA,EMD,elisio medrado,75
BA,ERS,entre rios,75
BA,ESA,esplanada,75
BA,EUS,eunapolis,73
BA,EZL,encruzilhada,77
BA,FAL,floresta azul,73
BA,FDA,filadelfia,74
BA,FDM,feira da mata,77
BA,FIA,fatima,75
BA,FMV,firmino alves,73
BA,FRP,formosa do rio preto,77
BA,FSA,feira de santana,75
BA,GDU,gandu,73
BA,GEU,guajeru,77
BA,GGG,gongogi,73
BA,GLO,gloria,75
BA,GMG,governador mangabeira,75
BA,GNB,guanambi,77
BA,GNG,guaratinga,73
BA,GOU,gentio do ouro,74
BA,GVO,gaviao,75
BA,IAM,itambe,77
BA,IAP,itaparica,71
BA,IBB,ibipeba,74
BA,IBC,ibicui,73
BA,IBH,itabela,73
BA,IBM,ibotirama,77
BA,IBP,ibirapua,73
BA,ICH,ichu,75
BA,ICR,ibicarai,73
BA,ICU,iacu,75
BA,ICX,ituacu,77
BA,IEB,itaberaba,75
BA,IEE,irece,74
BA,IEW,itaete,75
BA,IEY,itapebi,73
BA,IGB,itagiba,73
BA,IGD,itaguacu da bahia,74
BA,IGH,igrapiuna,73
BA,IGO,igapora,77
BA,IHM,itanhem,73
BA,IHU,inhambupe,75
BA,IIB,itiuba,74
BA,IIC,itirucu,73
BA,IIJ,iuiu,77
BA,IIO,ibicoara,77
BA,IIP,ibirapitanga,73
BA,IIQ,ibiquera,75
BA,IIT,ibipitanga,77
BA,IIX,ipupiara,77
BA,IIY,ibitita,74
BA,IJL,itaju do colonia,73
BA,IJP,itajuipe,73
BA,ILH,ilheus,73
BA,IMJ,itamaraju,73
BA,IMM,itagimirim,73
BA,IMX,iramaia,77
BA,IMY,itamari,73
BA,ING,itapetinga,77
BA,INR,itanagra,75
BA,IPI,ipira,75
BA,IPW,ipiau,73
BA,IQA,itaquara,73
BA,IRE,itacare,73
BA,IRJ,irajuba,73
BA,IRK,ibitiara,77
BA,IRM,itarantim,73
BA,IRQ,iraquara,75
BA,IRR,itororo,73
BA,IRT,ibirataia,73
BA,IRX,irara,75
BA,ISC,ibiassuce,77
BA,ITB,itabuna,73
BA,ITF,itatim,75
BA,ITT,itapitanga,73
BA,IUI,iguai,73
BA,IUW,itapicuru,75
BA,JBI,jaborandi,77
BA,JBN,jacobina,74
BA,JCC,jacaraci,77
BA,JDI,jandaira,75
BA,JDY,joao dourado,74
BA,JEE,jequie,73
BA,JGA,jaguarari,74
BA,JGQ,jaguaquara,73
BA,JIQ,jiquirica,75
BA,JRO,jeremoabo,75
BA,JSI,jussari,73
BA,JSS,jussara,74
BA,JTN,jitauna,73
BA,JUC,jucurucu,73
BA,JUO,juazeiro,74
BA,JUP,jaguaripe,75
BA,LAJ,laje,75
BA,LAR,lamarao,75
BA,LCS,lencois,75
BA,LED,lajedao,73
BA,LEH,lajedinho,75
BA,LFE,lafaiete coutinho,73
BA,LFS,lauro de freitas,71
BA,LID,licinio de almeida,77
BA,LPO,lapao,74
BA,LRL,lagoa real,77
BA,LTL,lajedo do tabocal,73
BA,MAE,mascote,73
BA,MAS,maracas,73
BA,MAY,maetinga,77
BA,MCB,macaubas,77
BA,MCG,mucuge,75
BA,MCR,macarani,77
BA,MDD,malhada de pedras,77
BA,MDY,madre de deus,71
BA,MEO,monte santo,75
BA,MGN,miguel calmon,74
BA,MGP,maragogipe,75
BA,MHU,morro do chapeu,74
BA,MIN,mirangaba,74
BA,MIZ,muniz ferreira,75
BA,MJO,mata de sao joao,71
BA,MJU,macajuba,74
BA,MLG,milagres,75
BA,MLH,malhada,77
BA,MMD,mansidao,77
BA,MNO,mundo novo,74
BA,MNZ,marcionilio souza,75
BA,MQQ,maiquinique,77
BA,MRP,morpara,77
BA,MRQ,mirante,77
BA,MRU,marau,73
BA,MRY,mairi,74
BA,MSF,muquem de sao francisco,77
BA,MSN,medeiros neto,73
BA,MTG,mortugaba,77
BA,MTI,muritiba,75
BA,MTW,matina,77
BA,MUD,mulungu do morro,74
BA,MUI,mucuri,73
BA,MUU,mutuipe,75
BA,MUX,macurure,75
BA,MVO,manoel vitorino,73
BA,NAE,nazare,75
BA,NCO,nova canaa,73
BA,NFT,nova fatima,75
BA,NHZ,novo horizonte,77
BA,NIA,nilo pecanha,73
BA,NIB,nova ibia,73
BA,NOI,nova itarana,73
BA,NTA,nordestina,75
BA,NTF,novo triunfo,75
BA,NVC,nova redencao,75
BA,NVO,nova soure,75
BA,NVV,nova vicosa,73
BA,OJH,oliveira dos brejinhos,77
BA,ONN,olindina,75
BA,OUG,ouricangas,75
BA,OUL,ourolandia,74
BA,PAF,paulo afonso,75
BA,PCE,pocoes,77
BA,PDC,pindobacu,74
BA,PDN,presidente dutra,74
BA,PDQ,pirai do norte,73
BA,PDY,pindai,77
BA,PEK,pedrao,75
BA,PGA,paripiranga,75
BA,PGU,porto seguro,73
BA,PJC,pojuca,71
BA,PJQ,presidente janio quadros,77
BA,PLE,palmeiras,75
BA,PLY,planaltino,73
BA,PMI,paramirim,77
BA,PNF,ponto novo,74
BA,PNL,planalto,77
BA,POG,potiragua,73
BA,PPK,piripa,77
BA,PPW,pe de serra,75
BA,PRD,prado,73
BA,PRI,piritiba,74
BA,PRN,paratinga,77
BA,PSD,palmas de monte alto,77
BA,PSL,pau brasil,73
BA,PTQ,presidente tancredo neves,73
BA,PYT,piata,77
BA,QES,queimadas,75
BA,QJG,quijingue,75
BA,QXR,quixabeira,74
BA,RDE,rodelas,75
BA,REM,remanso,74
BA,RHS,riacho de santana,77
BA,RHV,riachao das neves,77
BA,RII,ribeira do amparo,75
BA,RIT,rio do antonio,77
BA,RJP,riachao do jacuipe,75
BA,RLO,rafael jambeiro,75
BA,RLR,ribeirao do largo,77
BA,ROC,rio de contas,77
BA,ROL,rio real,75
BA,ROR,rio do pires,77
BA,RRD,retirolandia,75
BA,RYB,ruy barbosa,75
BA,SAD,salinas da margarida,75
BA,SAT,santa ines,73
BA,SBM,senhor do bonfim,74
BA,SDR,salvador,71
BA,SDW,serra dourada,77
BA,SEB,seabra,75
BA,SEH,serrinha,75
BA,SEL,serrolandia,74
BA,SEU,sapeacu,75
BA,SEV,santo estevao,75
BA,SFE,sao felipe,75
BA,SFN,sao francisco do conde,71
BA,SFQ,sao felix do coribe,77
BA,SFX,sao felix,75
BA,SGC,sao goncalo dos campos,75
BA,SGQ,sao domingos,75
BA,SGY,santa brigida,75
BA,SHB,sobradinho,74
BA,SHF,serra do ramalho,77
BA,SLJ,sebastiao laranjeiras,77
BA,SMF,simoes filho,71
BA,SMV,santa maria da vitoria,77
BA,SNA,santo amaro,75
BA,SNB,santa barbara,75
BA,SNT,santana,77
BA,SQI,sitio do quinto,75
BA,SRC,santa rita de cassia,77
BA,SSE,sao sebastiao do passe,71
BA,SSR,sao desiderio,77
BA,STK,satiro dias,75
BA,SUF,saubara,71
BA,SUJ,sao jose do jacuipe,74
BA,SUT,souto soares,75
BA,SUX,saude,74
BA,SUY,santa luzia,73
BA,SUZ,santaluz,75
BA,SVT,santa cruz da vitoria,73
BA,SXA,santanopolis,75
BA,SXX,serra preta,75
BA,SYG,sao miguel das matas,75
BA,SYK,sao gabriel,74
BA,SYN,santa teresinha,75
BA,SZB,santa cruz cabralia,73
BA,TAF,teixeira de freitas,73
BA,TAP,tapiramuta,74
BA,TBV,tabocas do brejo velho,77
BA,TCN,tucano,75
BA,TEL,tremedal,77
BA,TEN,teolandia,73
BA,THU,tanhacu,77
BA,TNV,terra nova,75
BA,TOA,taperoa,75
BA,TOF,teofilandia,75
BA,TQH,tanquinho,75
BA,TQO,tanque novo,77
BA,UAT,ubata,73
BA,UAU,uaua,74
BA,UBR,ubaira,75
BA,UDI,urandi,77
BA,UIA,ubaitaba,73
BA,UII,uibai,74
BA,UMS,umburanas,74
BA,UTG,utinga,75
BA,UUU,urucuca,73
BA,VCA,vitoria da conquista,77
BA,VCZ,vera cruz,71
BA,VDA,varzea da roca,74
BA,VEC,valenca,75
BA,VEE,vereda,73
BA,VLE,valente,75
BA,VNY,wanderley,77
BA,VOA,varzea nova,74
BA,VZC,varzea do poco,74
BA,VZO,varzedo,75
BA,WGR,wagner,75
BA,WGS,wenceslau guimaraes,73
BA,WNA,una,73
BA,XXQ,xique-xique,74
BA,YGI,itagi,73
BA,YPE,itape,73
CE,AAB,aracoiaba,85
CE,AAU,acarau,88
CE,ABY,abaiara,88
CE,ACA,aracati,88
CE,ACP,acarape,85
CE,ACR,acopiara,88
CE,ACX,alcantaras,88
CE,AEZ,arneiroz,88
CE,AIB,aiuaba,88
CE,ANE,antonina do norte,88
CE,AOW,amontada,88
CE,AQZ,aquiraz,85
CE,ARP,araripe,88
CE,ASE,assare,88
CE,ATO,alto santo,88
CE,ATU,aratuba,85
CE,AUR,aurora,88
CE,AUS,apuiares,85
CE,BAO,barro,88
CE,BBB,beberibe,85
CE,BBH,barbalha,88
CE,BCZ,bela cruz,88
CE,BIU,banabuiu,88
CE,BJS,brejo santo,88
CE,BQN,barroquinha,88
CE,BRK,barreira,85
CE,BTT,baturite,85
CE,BVG,boa viagem,88
CE,BXO,baixio,88
CE,CAC,caririacu,88
CE,CCM,camocim,88
CE,CEA,coreau,88
CE,CED,cedro,88
CE,CHA,chaval,88
CE,CID,caridade,85
CE,CIE,caninde,85
CE,CIW,carire,88
CE,CMS,campos sales,88
CE,COZ,croata,88
CE,CSR,capistrano,85
CE,CTO,crato,88
CE,CTS,crateus,88
CE,CUB,carnaubal,88
CE,CUC,caucaia,85
CE,CVL,cascavel,85
CE,CYN,catarina,88
CE,CYS,carius,88
CE,CZH,chorozinho,85
CE,CZW,cruz,88
CE,ERR,erere,88
CE,ESB,eusebio,85
CE,FBO,farias brito,88
CE,FHH,frecheirinha,88
CE,FLA,fortaleza,85
CE,FRQ,forquilha,88
CE,GAG,guaramiranga,85
CE,GBA,guaiuba,85
CE,GCA,graca,88
CE,GJO,granjeiro,88
CE,GNJ,granja,88
CE,GNL,general sampaio,85
CE,GRN,guaraciaba do norte,88
CE,GRO,groairas,88
CE,HDA,hidrolandia,88
CE,HZT,horizonte,85
CE,IAX,itaicaba,88
CE,IBW,ibaretama,88
CE,ICA,iracema,88
CE,ICB,iraucuba,88
CE,ICN,ibicuitinga,88
CE,ICO,ico,88
CE,ICP,icapui,88
CE,IDA,independencia,88
CE,IGE,itapage,85
CE,IMI,ipaumirim,88
CE,IMW,itarema,88
CE,INX,ibiapina,88
CE,IOP,itapipoca,88
CE,IPU,ipu,88
CE,IPZ,ipaporanga,88
CE,ITK,itatira,88
CE,ITN,itapiuna,88
CE,IUE,ipueiras,88
CE,JAG,jaguaretama,88
CE,JAS,jucas,88
CE,JAT,jati,88
CE,JDM,jardim,88
CE,JGB,jaguaribara,88
CE,JGE,jaguaribe,88
CE,JGN,jaguaruana,88
CE,JNE,juazeiro do norte,88
CE,LNT,limoeiro do norte,88
CE,LVM,lavras da mangabeira,88
CE,MAC,marco,88
CE,MAH,missao velha,88
CE,MBC,mombaca,88
CE,MCW,maracanau,85
CE,MDX,madalena,88
CE,MEU,meruoca,88
CE,MGS,milagres,88
CE,MHT,monsenhor tabosa,88
CE,MHW,milha,88
CE,MIK,miraima,88
CE,MNH,morrinhos,88
CE,MOP,martinopole,88
CE,MRT,mauriti,88
CE,MSS,massape,88
CE,MUE,maranguape,85
CE,MUJ,moraujo,88
CE,MUM,mucambo,88
CE,MUN,mulungu,85
CE,MVA,morada nova,88
CE,NID,nova olinda,88
CE,NOE,novo oriente,88
CE,NRU,nova russas,88
CE,OCR,ocara,85
CE,OOS,oros,88
CE,PBU,parambu,88
CE,PDB,pedra branca,88
CE,PDJ,pindoretama,85
CE,PEO,pereiro,88
CE,PFT,penaforte,88
CE,PGX,poranga,88
CE,PGY,potengi,88
CE,PHN,palhano,88
CE,PJS,pacajus,85
CE,PMC,palmacia,85
CE,POE,pentecoste,85
CE,POY,paramoti,85
CE,PQT,piquet carneiro,88
CE,PSF,pires ferreira,88
CE,PTX,porteiras,88
CE,PTY,pacoti,85
CE,PTZ,potiretama,88
CE,PUB,pacatuba,85
CE,PUJ,pacuja,88
CE,PUU,paracuru,85
CE,PWB,paraipaba,85
CE,QTS,quiterianopolis,88
CE,QXA,quixada,88
CE,QXE,quixere,88
CE,QXM,quixeramobim,88
CE,QXO,quixelo,88
CE,RDC,redencao,85
CE,RRB,reriutaba,88
CE,RUS,russas,88
CE,SAU,santana do acarau,88
CE,SBN,sao benedito,88
CE,SCI,santana do cariri,88
CE,SGA,sao goncalo do amarante,85
CE,SIQ,salitre,88
CE,SNQ,santa quiteria,88
CE,SNR,senador sa,88
CE,SOI,saboeiro,88
CE,SOL,sobral,88
CE,SOP,solonopole,88
CE,SPM,senador pompeu,88
CE,SRU,sao luis do curu,85
CE,SUB,sao joao do jaguaribe,88
CE,TBL,tamboril,88
CE,TIG,tiangua,88
CE,TJU,tejucuoca,85
CE,TNT,tabuleiro do norte,88
CE,TRR,tarrafas,88
CE,TRY,trairi,85
CE,TUA,taua,88
CE,TUK,tururu,85
CE,UBJ,ubajara,88
CE,UMI,umari,88
CE,URM,umirim,85
CE,UUA,uruburetama,85
CE,UUO,uruoca,88
CE,VCC,vicosa do ceara,88
CE,VJT,varjota,88
CE,VZG,varzea alegre,88
DF,BSA,brasilia,61
ES,AAA,apiaca,28
ES,ABK,aguia branca,27
ES,ACZ,aracruz,27
ES,AFC,afonso claudio,27
ES,AFH,alfredo chaves,27
ES,AHE,anchieta,28
ES,ALR,alegre,28
ES,ARV,alto rio novo,27
ES,AUE,agua doce do norte,27
ES,AVQ,atilio vivacqua,28
ES,BAP,boa esperanca,27
ES,BDI,barra de sao francisco,27
ES,BSE,bom jesus do norte,28
ES,BXG,baixo guandu,27
ES,CCA,cariacica,27
ES,CCB,conceicao da barra,27
ES,CCT,conceicao do castelo,28
ES,CIM,cachoeiro de itapemirim,28
ES,CNA,colatina,27
ES,CSE,castelo,28
ES,DGM,domingos martins,27
ES,DRR,dores do rio preto,28
ES,DVD,divino de sao lourenco,28
ES,ECG,ecoporanga,27
ES,FNO,fundao,27
ES,GRI,guarapari,27
ES,GUU,guacui,28
ES,IEM,itapemirim,28
ES,IGW,itaguacu,27
ES,IIH,ibitirama,28
ES,IIU,ibiracu,27
ES,IKA,ibatiba,28
ES,INW,itarana,27
ES,IOH,iconha,28
ES,IUN,iuna,28
ES,JNV,joao neiva,27
ES,JOO,jeronimo monteiro,28
ES,JUE,jaguare,27
ES,LJT,laranja da terra,27
ES,LNS,linhares,27
ES,MIL,mimoso do sul,28
ES,MNP,mantenopolis,27
ES,MOA,montanha,27
ES,MQI,muqui,28
ES,MRW,marilandia,27
ES,MUC,mucurici,27
ES,MZF,muniz freire,28
ES,NVI,nova venecia,27
ES,PHR,pinheiros,27
ES,PKN,presidente kennedy,28
ES,PKO,pedro canario,27
ES,PMA,piuma,28
ES,PNC,pancas,27
ES,RIL,rio bananal,27
ES,SEA,serra,27
ES,SLH,sao gabriel da palha,27
ES,SLY,santa leopoldina,27
ES,SMJ,santa maria de jetiba,27
ES,SMT,sao mateus,27
ES,SSD,sao jose do calcado,28
ES,STA,santa teresa,27
ES,VGT,vargem alta,28
ES,VIA,viana,27
ES,VNI,venda nova do imigrante,28
ES,VPV,vila pavao,27
ES,VTA,vitoria,27
ES,VVA,vila velha,27
GO,AAF,agua fria de goias,62
GO,ABI,abadiania,62
GO,ACG,aparecida de goiania,62
GO,ACW,aracu,62
GO,ADB,americano do brasil,64
GO,ADI,aloandia,64
GO,ADN,adelandia,64
GO,AEN,avelinopolis,64
GO,AEU,acreuna,64
GO,AGK,aragoiania,62
GO,AGR,aragarcas,64
GO,AHG,anhanguera,64
GO,ALX,alexania,62
GO,AMI,amorinopolis,64
GO,ANS,anapolis,62
GO,ANU,anicuns,64
GO,AOP,arenopolis,64
GO,APG,alto paraiso de goias,62
GO,APY,apore,64
GO,AUL,aurilandia,64
GO,AUM,agua limpa,64
GO,AUY,aruana,62
GO,AVN,alvorada do norte,62
GO,BGS,bela vista de goias,62
GO,BIT,britania,62
GO,BJE,bom jesus de goias,64
GO,BLZ,baliza,64
GO,BNF,bonfinopolis,62
GO,BOG,bom jardim de goias,64
GO,BUG,buriti alegre,64
GO,BZB,brazabrantes,62
GO,CAW,cacu,64
GO,CCL,cachoeira alta,64
GO,CEE,ceres,62
GO,CGG,campo alegre de goias,64
GO,CJL,colinas do sul,62
GO,CKP,campestre de goias,62
GO,CLV,caldas novas,64
GO,CMG,corumba de goias,62
GO,CMY,cumari,64
GO,CNO,campinorte,62
GO,CNY,crominia,64
GO,COD,carmo do rio verde,62
GO,COG,corrego do ouro,64
GO,CON,caiaponia,64
GO,COV,campos verdes,62
GO,CRT,cristalina,61
GO,CSB,campos belos,62
GO,CTL,catalao,64
GO,CUK,caturai,62
GO,CUM,corumbaiba,64
GO,CVC,cavalcante,62
GO,CWW,campinacu,62
GO,CXA,crixas,62
GO,CXC,cabeceiras,61
GO,CXH,cachoeira de goias,64
GO,CXX,cachoeira dourada,64
GO,CYL,cristianopolis,64
GO,CZK,cezarina,64
GO,DAM,damianopolis,62
GO,DMN,damolandia,62
GO,DOA,diorama,64
GO,DVE,doverlandia,64
GO,DVG,divinopolis de goias,62
GO,DVS,davinopolis,64
GO,EDA,edealina,64
GO,EDE,edeia,64
GO,ESN,estrela do norte,62
GO,FIN,faina,62
GO,FIS,firminopolis,64
GO,FKA,fazenda nova,62
GO,FLG,flores de goias,62
GO,FRM,formosa,61
GO,GIG,guarani de goias,62
GO,GIN,goianira,62
GO,GNA,goiania,62
GO,GNE,goianesia,62
GO,GOA,goias,62
GO,GON,goiandira,64
GO,GPO,guapo,62
GO,GPS,goianapolis,62
GO,GTB,goiatuba,64
GO,GUO,guarinos,62
GO,GVA,gouvelandia,64
GO,HDD,hidrolandia,62
GO,HID,hidrolina,62
GO,HTI,heitorai,62
GO,IAA,itaguaru,62
GO,ICI,itapaci,62
GO,ICK,iaciara,62
GO,IDR,indiara,64
GO,IEI,itaberai,62
GO,IGK,itaguari,62
GO,IPA,ipora,64
GO,IPM,ipameri,64
GO,IPP,itapirapua,62
GO,ISR,israelandia,64
GO,ITJ,itaja,64
GO,IUB,itumbiara,64
GO,IUC,itaucu,62
GO,IUS,inhumas,62
GO,IVD,ivolandia,64
GO,IXM,itaruma,64
GO,JDA,jandaia,64
GO,JPC,jaupaci,64
GO,JRG,jaragua,62
GO,JTI,jatai,64
GO,JUS,jussara,62
GO,JVA,joviania,64
GO,LLL,leopoldo de bulhoes,62
GO,LZA,luziania,61
GO,MAO,mara rosa,62
GO,MAZ,marzagao,64
GO,MBI,mambai,62
GO,MCS,montes claros de goias,62
GO,MDV,mundo novo,62
GO,MGX,monte alegre de goias,62
GO,MIH,morrinhos,64
GO,MIT,mairipotaba,64
GO,MKA,matrincha,62
GO,MKG,morro agudo de goias,62
GO,MKU,minacu,62
GO,MNI,mineiros,64
GO,MOQ,mimoso de goias,62
GO,MPR,moipora,64
GO,MSA,mossamedes,64
GO,MTO,mutunopolis,62
GO,MUR,maurilandia,64
GO,MVU,montividiu,64
GO,MZA,mozarlandia,62
GO,NAC,nova america,62
GO,NAG,nova gloria,62
GO,NAU,nova aurora,64
GO,NBL,novo brasil,62
GO,NCS,nova crixas,62
GO,NIG,nova iguacu de goias,62
GO,NOO,nova roma,62
GO,NPL,novo planalto,62
GO,NQA,niquelandia,62
GO,NRS,neropolis,62
GO,NVZ,nova veneza,62
GO,NZR,nazario,64
GO,OUD,ouvidor,64
GO,OVS,ouro verde de goias,62
GO,OZN,orizona,64
GO,PAI,paranaiguara,64
GO,PAM,panama,64
GO,PBN,padre bernardo,61
GO,PEX,portelandia,64
GO,PGS,palmeiras de goias,64
GO,PGT,porangatu,62
GO,PIH,piranhas,64
GO,PIR,pires do rio,64
GO,PJB,piracanjuba,64
GO,PLG,petrolina de goias,62
GO,PLP,palminopolis,64
GO,PMW,palmelo,64
GO,PNN,pontalina,64
GO,PNX,parauna,64
GO,POW,pilar de goias,62
GO,PPS,pirenopolis,62
GO,PSX,posse,62
GO,PWL,planaltina,61
GO,PYG,palestina de goias,64
GO,QNP,quirinopolis,64
GO,RAA,rialma,62
GO,RAS,rianapolis,62
GO,RQT,rio quente,64
GO,RTB,rubiataba,62
GO,RVD,rio verde,64
GO,SAE,sanclerlandia,64
GO,SCG,sao francisco de goias,62
GO,SCQ,senador canedo,62
GO,SEZ,santa tereza de goias,62
GO,SFZ,santa fe de goias,62
GO,SGG,sao miguel do araguaia,62
GO,SHG,santa helena de goias,64
GO,SKW,santa isabel,62
GO,SLB,sao luis de montes belos,64
GO,SMQ,sao miguel do passa quatro,62
GO,SNK,santa barbara de goias,62
GO,SNU,santa rita do araguaia,64
GO,SOK,sao domingos,62
GO,SPW,serranopolis,64
GO,SPZ,sao joao da parauna,64
GO,SQD,simolandia,62
GO,SRG,santa rosa de goias,62
GO,SSM,sao simao,64
GO,SVA,silvania,62
GO,SWJ,sao joao dalianca,62
GO,SYY,sitio dabadia,62
GO,SZD,santa cruz de goias,64
GO,SZG,santa terezinha de goias,62
GO,SZK,sao luiz do norte,62
GO,TDA,trindade,62
GO,TQG,taquaral de goias,62
GO,TRB,trombas,62
GO,TRG,terezopolis de goias,62
GO,TSH,tres ranchos,64
GO,TUV,turvania,64
GO,TVA,turvelandia,64
GO,TZG,teresina de goias,62
GO,URC,uruacu,62
GO,URT,urutai,64
GO,UUN,uruana,62
GO,VCT,vicentinopolis,64
GO,VLS,vianopolis,62
GO,VRJ,varjao,62
MA,AAR,arari,98
MA,ACD,acailandia,99
MA,AIS,araioses,98
MA,ALN,alcantara,98
MA,ALO,altamira do maranhao,98
MA,ANJ,anajatuba,98
MA,ARM,arame,99
MA,ARW,anapurus,98
MA,ASA,aldeias altas,99
MA,ASH,afonso cunha,98
MA,ATH,amarante do maranhao,99
MA,ATP,alto parnaiba,99
MA,AXI,axixa,98
MA,BAU,bacuri,98
MA,BBL,bacabal,99
MA,BBV,buriti bravo,99
MA,BDC,barra do corda,99
MA,BED,benedito leite,99
MA,BEQ,bequimao,98
MA,BIH,barreirinhas,98
MA,BJU,barao de grajau,99
MA,BLA,balsas,99
MA,BOJ,bom jardim,98
MA,BRJ,brejo,98
MA,BUI,buriti,98
MA,CAJ,cajapio,98
MA,CDN,candido mendes,98
MA,CDO,codo,99
MA,CHI,chapadinha,98
MA,CHT,coelho neto,98
MA,CHX,cantanhede,98
MA,CJI,cajari,98
MA,CKA,cedral,98
MA,COR,coroata,99
MA,COS,colinas,99
MA,CRN,carolina,99
MA,CTP,carutapera,98
MA,CUR,cururupu,98
MA,CXS,caxias,99
MA,DQR,duque bacelar,98
MA,ESS,esperantinopolis,99
MA,ETO,estreito,99
MA,FUA,fortuna,99
MA,FZG,fortaleza dos nogueiras,99
MA,GFV,godofredo viana,98
MA,GGB,governador eugenio barros,99
MA,GHR,governador archer,99
MA,GIM,guimaraes,98
MA,GJU,grajau,99
MA,GNH,graca aranha,99
MA,GSD,goncalves dias,99
MA,HCS,humberto de campos,98
MA,ICT,icatu,98
MA,IGG,igarape grande,99
MA,ITI,itapecuru mirim,98
MA,ITZ,imperatriz,99
MA,JEL,joselandia,99
MA,JLI,joao lisboa,99
MA,LDS,luis domingues,98
MA,LGJ,lago do junco,99
MA,LGP,lago da pedra,99
MA,LGV,lago verde,99
MA,LMS,lima campos,99
MA,LOT,loreto,99
MA,MDR,mirador,99
MA,MHA,magalhaes de almeida,98
MA,MIR,miranda do norte,98
MA,MMA,mata roma,98
MA,MNA,moncao,98
MA,MNL,montes altos,99
MA,MRX,morros,98
MA,MRZ,mirinzal,98
MA,MTA,matinha,98
MA,MTE,matoes,99
MA,NIQ,nova iorque,99
MA,NNR,nina rodrigues,98
MA,OCN,olho dagua das cunhas,98
MA,PAO,pocao de pedras,99
MA,PBO,paraibano,99
MA,PCL,paco do lumiar,98
MA,PDM,pindare-mirim,98
MA,PDU,presidente dutra,99
MA,PDZ,pedreiras,99
MA,PEM,peri mirim,98
MA,PFC,passagem franca,99
MA,PFN,porto franco,99
MA,PHE,pinheiro,98
MA,PJN,presidente juscelino,98
MA,PLV,penalva,98
MA,PMR,palmeirandia,98
MA,PRM,parnarama,99
MA,PRP,pirapemas,98
MA,PSN,pastos bons,99
MA,PUR,paulo ramos,98
MA,PUZ,primeira cruz,98
MA,PVS,presidente vargas,98
MA,PXY,pio xii,98
MA,RIH,riachao,99
MA,RSI,rosario,98
MA,SBP,sao benedito do rio preto,98
MA,SBW,sao bernardo,98
MA,SCF,sao vicente ferrer,98
MA,SDH,sao domingos do maranhao,99
MA,SEO,sao bento,98
MA,SFB,sao felix de balsas,99
MA,SFM,sao francisco do maranhao,99
MA,SHE,santa helena,98
MA,SIL,santo antonio dos lopes,99
MA,SIS,santa ines,98
MA,SJE,sao jose de ribamar,98
MA,SJY,sao joao batista,98
MA,SKB,sambaiba,99
MA,SLS,sao luis,98
MA,SMH,sao mateus do maranhao,99
MA,SMN,sao raimundo das mangabeiras,99
MA,SPQ,santa luzia do parua,98
MA,SQH,santa quiteria do maranhao,98
MA,SSS,sao joao dos patos,99
MA,STY,santa rita,98
MA,SUA,santa luzia,98
MA,SYV,sitio novo,99
MA,SZH,sao luis gonzaga do maranhao,99
MA,TMN,timon,99
MA,TMR,timbiras,99
MA,TSF,tasso fragoso,99
MA,TTM,tuntum,99
MA,TUC,turiacu,98
MA,TUT,tutoia,98
MA,USS,urbano santos,98
MA,VFR,vitorino freire,98
MA,VGE,vargem grande,98
MA,VMM,vitoria do mearim,98
MA,VNA,viana,98
MA,ZED,ze doca,98
MG,ABD,abadia dos dourados,34
MG,ACC,acaiaca,31
MG,ACN,acucena,33
MG,ACO,agua comprida,34
MG,ACS,arcos,37
MG,ACT,aracitaba,32
MG,ADC,alto rio doce,32
MG,ADL,andrelandia,35
MG,ADM,alvorada de minas,31
MG,ADO,areado,35
MG,ADS,antonio dias,31
MG,AEG,arceburgo,35
MG,AET,abaete,37
MG,AFN,alfenas,35
MG,AGF,aguas formosas,33
MG,AIT,argirita,32
MG,AJQ,alto jequitiba,33
MG,AJS,araujos,37
MG,ALA,alterosa,35
MG,ALB,albertina,35
MG,ALE,alvarenga,33
MG,ALK,alagoa,35
MG,ALL,alvinopolis,31
MG,ALP,alpercata,33
MG,ALS,alpinopolis,35
MG,AME,amparo do serra,31
MG,AMN,almenara,33
MG,ANA,andradas,35
MG,AOO,antonio carlos,32
MG,AOR,aimores,33
MG,API,alem paraiba,32
MG,APM,antonio prado de minas,32
MG,APN,araponga,31
MG,APW,arapua,34
MG,ARI,araguari,34
MG,ART,arantina,32
MG,ARY,aracai,31
MG,AST,astolfo dutra,32
MG,ATA,ataleia,33
MG,AUB,agua boa,33
MG,AUI,aracuai,33
MG,AUO,aiuruoca,35
MG,AUV,aguas vermelhas,33
MG,AXA,araxa,34
MG,AYN,arinos,38
MG,BAD,baependi,35
MG,BAN,braunas,33
MG,BBD,bueno brandao,35
MG,BBI,bambui,37
MG,BCA,barbacena,32
MG,BCD,bocaina de minas,32
MG,BCS,barao de cocais,31
MG,BCV,bocaiuva,38
MG,BDL,bandeira do sul,35
MG,BDM,borda da mata,35
MG,BDP,bom despacho,37
MG,BDR,bandeira,33
MG,BEI,bertopolis,33
MG,BEO,barao de monte alto,32
MG,BET,betim,31
MG,BFM,bonfim,31
MG,BFS,bonfinopolis de minas,38
MG,BGA,barra longa,31
MG,BHE,belo horizonte,31
MG,BHS,botelhos,35
MG,BIF,bias fortes,32
MG,BII,buritis,38
MG,BIM,botumirim,38
MG,BIQ,biquinhas,37
MG,BIS,bicas,32
MG,BJA,bom jardim de minas,32
MG,BJG,bom jesus do galho,33
MG,BLB,belmiro braga,32
MG,BLD,baldim,31
MG,BLL,belo vale,31
MG,BMN,brasilia de minas,38
MG,BMO,brumadinho,31
MG,BMS,bom sucesso,35
MG,BOE,boa esperanca,35
MG,BOT,belo oriente,31
MG,BPS,brasopolis,35
MG,BRP,bom repouso,35
MG,BSN,bom jesus da penha,35
MG,BSO,barroso,32
MG,BSP,bras pires,32
MG,BTZ,buritizeiro,38
MG,BUD,bom jesus do amparo,31
MG,BUS,buenopolis,38
MG,BVM,bela vista de minas,31
MG,BYL,berilo,33
MG,CAD,caldas,35
MG,CAE,carmo de minas,35
MG,CAQ,cambuquira,35
MG,CAX,caxambu,35
MG,CBI,cambui,35
MG,CBN,capim branco,31
MG,CBV,cabo verde,35
MG,CCH,carlos chagas,33
MG,CCP,conceicao da aparecida,35
MG,CCU,carmo do cajuru,37
MG,CCY,coroaci,33
MG,CDU,camanducaia,35
MG,CEC,careacu,35
MG,CEL,coromandel,34
MG,CEM,contagem,31
MG,CEO,campo do meio,35
MG,CEP,conceicao das pedras,35
MG,CET,caete,31
MG,CEV,capela nova,31
MG,CFO,campo florido,34
MG,CGA,caratinga,33
MG,CGD,corrego danta,37
MG,CGJ,corrego do bom jesus,35
MG,CGK,congonhas do norte,31
MG,CGS,cataguases,32
MG,CGV,corrego novo,33
MG,CHC,cachoeira da prata,31
MG,CHO,carmo da cachoeira,35
MG,CHS,cachoeira de minas,35
MG,CHU,cachoeira dourada,34
MG,CHW,chale,33
MG,CIT,corinto,38
MG,CIY,cristiano otoni,31
MG,CJY,cajuri,31
MG,CKB,carbonita,38
MG,CKC,carrancas,35
MG,CKD,comendador gomes,34
MG,CKI,caranaiba,31
MG,CKS,carmesia,31
MG,CLC,coronel pacheco,32
MG,CLH,capelinha,33
MG,CLP,claro dos pocoes,38
MG,CLS,conceicao das alagoas,34
MG,CLU,claudio,37
MG,CLX,capitolio,37
MG,CLY,crucilandia,31
MG,CMD,conceicao do mato dentro,31
MG,CMH,couto de magalhaes de minas,38
MG,CMI,carmo do paranaiba,34
MG,CMN,campanario,33
MG,CMT,campos altos,37
MG,CNC,conceicao dos ouros,35
MG,CNG,congonhas,31
MG,CNL,conselheiro lafaiete,31
MG,CNN,centralina,34
MG,CNS,capinopolis,34
MG,COB,coimbra,32
MG,COH,congonhal,35
MG,COI,canapolis,34
MG,COJ,coracao de jesus,38
MG,COM,carmo da mata,37
MG,COP,caetanopolis,31
MG,COY,comercinho,33
MG,CPG,campos gerais,35
MG,CPH,campanha,35
MG,CPO,campo belo,35
MG,CPT,capetinga,35
MG,CQL,coqueiral,35
MG,CQT,conquista,34
MG,CRC,carmo do rio claro,35
MG,CRD,carandai,32
MG,CRE,coronel murta,33
MG,CRF,coronel fabriciano,31
MG,CRK,cedro do abaete,37
MG,CRL,carangola,32
MG,CRM,carmopolis de minas,37
MG,CRY,carai,33
MG,CSA,cassia,35
MG,CSD,cordislandia,35
MG,CSG,casa grande,31
MG,CSH,cascalho rico,34
MG,CSI,cristina,35
MG,CSN,conselheiro pena,33
MG,CST,campestre,35
MG,CSY,conceicao da barra de minas,32
MG,CTE,capitao eneas,38
MG,CTK,cipotanea,32
MG,CTR,central de minas,33
MG,CTX,cristais,35
MG,CUG,cordisburgo,31
MG,CUV,curvelo,38
MG,CUX,coluna,33
MG,CVD,cana verde,35
MG,CVE,campina verde,34
MG,CVK,claraval,34
MG,CVR,conceicao do rio verde,35
MG,CVX,carvalhos,35
MG,CVY,carvalhopolis,35
MG,CWA,candeias,35
MG,CWC,chacara,32
MG,CWM,camacho,37
MG,CWN,canaa,31
MG,CWO,consolacao,35
MG,CWP,conceicao do para,37
MG,CWT,chapada do norte,33
MG,CXO,catas altas da noruega,31
MG,CXP,caparao,32
MG,CXV,coronel xavier chaves,32
MG,CYA,caputira,31
MG,CYD,chiador,32
MG,CYK,caiana,32
MG,CYY,cristalia,38
MG,CZL,cruzilia,35
MG,CZP,cachoeira de pajeu,33
MG,CZZ,cruzeiro da fortaleza,34
MG,DCB,descoberto,32
MG,DDI,dores do indaia,37
MG,DDQ,douradoquara,34
MG,DDS,divinolandia de minas,33
MG,DEE,desterro de entre rios,31
MG,DEZ,dona eusebia,32
MG,DFM,delfim moreira,35
MG,DFS,delfinopolis,35
MG,DGV,diogo de vasconcelos,31
MG,DIV,divinesia,32
MG,DLJ,divino das laranjeiras,33
MG,DMT,diamantina,38
MG,DNV,divisa nova,35
MG,DOG,dores de guanhaes,33
MG,DOP,doresopolis,37
MG,DOV,dom vicoso,35
MG,DQM,dom joaquim,31
MG,DSM,desterro do melo,32
MG,DSO,dionisio,31
MG,DSS,dores de campos,32
MG,DSV,dom silverio,31
MG,DTS,datas,38
MG,DTV,dores do turvo,32
MG,DVI,dom cavati,33
MG,DVL,divinopolis,37
MG,DVO,divino,32
MG,EEF,espera feliz,32
MG,EES,esmeraldas,31
MG,EII,estrela do indaia,37
MG,ELM,eloi mendes,35
MG,ENC,engenheiro caldas,33
MG,ENH,engenheiro navarro,38
MG,EOS,eugenopolis,32
MG,EPS,espinosa,38
MG,ERM,entre rios de minas,31
MG,ERV,ervalia,32
MG,ESR,estrela dalva,32
MG,EST,espirito santo do dourado,35
MG,ESV,estiva,35
MG,EWK,ewbank da camara,32
MG,EXM,extrema,35
MG,FAA,fama,35
MG,FAS,faria lemos,32
MG,FBD,francisco badaro,33
MG,FCS,francisco sa,38
MG,FDS,felicio dos santos,38
MG,FDT,francisco dumont,38
MG,FEA,fronteira,34
MG,FES,ferros,31
MG,FGR,frei gaspar,33
MG,FHO,fernandes tourinho,33
MG,FIO,frei inocencio,33
MG,FLD,funilandia,31
MG,FMA,formiga,37
MG,FMN,fortuna de minas,31
MG,FOM,formoso,38
MG,FRU,frutal,34
MG,FSG,felisburgo,33
MG,FSL,florestal,31
MG,FVS,fronteira dos vales,33
MG,FXA,felixlandia,38
MG,FZS,fortaleza de minas,35
MG,GCB,guaraciaba,31
MG,GCV,goncalves,35
MG,GDV,guidoval,32
MG,GEM,guiricema,32
MG,GGL,grao mogol,38
MG,GHE,guanhaes,33
MG,GLL,galileia,33
MG,GMR,guarda-mor,38
MG,GNI,guarani,32
MG,GOV,gouveia,38
MG,GPE,guaxupe,35
MG,GRR,guarara,32
MG,GRY,grupiara,34
MG,GSA,guaranesia,35
MG,GUE,guape,35
MG,GUN,guimarania,34
MG,GUT,gurinhata,34
MG,GVS,governador valadares,33
MG,GZG,gonzaga,33
MG,HLA,heliodora,35
MG,IAN,itauna,37
MG,IAT,itatiaiucu,31
MG,IAV,itapeva,35
MG,IAW,ipiacu,34
MG,IBA,itabira,31
MG,IBO,ibertioga,32
MG,IBU,ibitiura de minas,35
MG,IBY,ibia,34
MG,IDM,irai de minas,34
MG,IDO,indianopolis,34
MG,IEV,itaverava,31
MG,IFS,inconfidentes,35
MG,IGN,igaratinga,37
MG,IGR,itaguara,31
MG,IGX,itinga,33
MG,IGY,itapagipe,34
MG,IHA,inhauma,31
MG,IHD,itabirinha,33
MG,IIE,ibirite,31
MG,IIG,ipatinga,31
MG,III,ibiraci,35
MG,IIK,ibiai,38
MG,IIS,itamarati de minas,32
MG,IJA,itajuba,35
MG,IJC,ijaci,35
MG,ILI,ilicinea,35
MG,IMD,itambe do mato dentro,31
MG,IMO,itamonte,35
MG,IMR,itamarandiba,38
MG,IMS,itau de minas,35
MG,INH,itanhomi,33
MG,INI,inimutaba,38
MG,INP,inhapim,33
MG,IOG,itamogi,35
MG,IOM,itaobim,33
MG,IPC,itapecerica,37
MG,IRB,itacarambi,38
MG,IRO,itabirito,31
MG,IRP,igarape,31
MG,ITC,itambacuri,33
MG,ITD,itanhandu,35
MG,ITM,iturama,34
MG,IUA,ituiutaba,34
MG,IUG,itutinga,35
MG,IUM,iguatama,37
MG,IUT,itueta,33
MG,IUU,ipuiuna,35
MG,IXB,itacambira,38
MG,IXG,ingai,35
MG,IYM,itumirim,35
MG,IYP,itaipe,33
MG,IYU,ibituruna,35
MG,JBU,jaboticatubas,31
MG,JCE,jeceaba,31
MG,JCU,jacui,35
MG,JDN,jordania,33
MG,JEQ,jequitiba,31
MG,JES,jesuania,35
MG,JFA,juiz de fora,32
MG,JGR,jaguaracu,31
MG,JMA,joaima,33
MG,JML,joao monlevade,31
MG,JMN,juramento,38
MG,JNT,jacinto,33
MG,JNU,januaria,38
MG,JON,joanesia,33
MG,JPI,joao pinheiro,38
MG,JPR,japaraiba,37
MG,JQF,joaquim felicio,38
MG,JQI,jequeri,31
MG,JQT,jequitinhonha,33
MG,JQU,jequitai,38
MG,JRU,juruaia,35
MG,JTA,jacutinga,35
MG,JUA,janauba,38
MG,LAB,lambari,35
MG,LAD,lima duarte,32
MG,LAV,lavras,35
MG,LBD,liberdade,32
MG,LDD,lagoa dourada,32
MG,LDF,leandro ferreira,37
MG,LDH,ladainha,33
MG,LFA,lagoa formosa,34
MG,LGR,lagamar,34
MG,LGT,lagoa santa,31
MG,LJA,lajinha,33
MG,LJL,laranjal,32
MG,LMM,lamim,31
MG,LPD,leopoldina,32
MG,LPS,lagoa dos patos,38
MG,LPT,lagoa da prata,37
MG,LSC,lassance,38
MG,LUA,luminarias,35
MG,LUZ,luz,37
MG,MAG,manga,38
MG,MAL,mateus leme,31
MG,MAM,monte alegre de minas,34
MG,MBB,matias barbosa,32
MG,MBE,monte belo,35
MG,MCD,machado,35
MG,MCL,montes claros,38
MG,MDA,medina,33
MG,MDC,morro da garca,38
MG,MDE,medeiros,37
MG,MDI,minduri,35
MG,MDM,madre de deus de minas,32
MG,MDO,miradouro,32
MG,MEE,merces,32
MG,MEH,mar de espanha,32
MG,MEM,moema,37
MG,MFE,maria da fe,35
MG,MHC,martinho campos,37
MG,MIB,mirabela,38
MG,MII,mirai,32
MG,MIM,manhumirim,33
MG,MJS,monjolos,38
MG,MLC,marilac,33
MG,MLR,marlieria,31
MG,MML,marmelopolis,35
MG,MNC,manhuacu,33
MG,MNM,morada nova de minas,37
MG,MNN,mantena,33
MG,MNV,minas novas,33
MG,MOD,moeda,31
MG,MOH,monsenhor paulo,35
MG,MOO,monte carmelo,34
MG,MPL,mendes pimentel,33
MG,MPN,maripa de minas,32
MG,MQT,mesquita,33
MG,MRE,muriae,32
MG,MRL,morro do pilar,31
MG,MSI,monte siao,35
MG,MSM,monte santo de minas,35
MG,MTB,mathias lobato,33
MG,MTL,materlandia,33
MG,MTM,mutum,33
MG,MTP,matipo,31
MG,MTU,matutina,34
MG,MTV,montalvania,38
MG,MTZ,matozinhos,31
MG,MUO,munhoz,35
MG,MUZ,muzambinho,35
MG,MVE,mato verde,38
MG,MVS,maravilhas,37
MG,MZL,monte azul,38
MG,NAR,natercia,35
MG,NER,nova era,31
MG,NES,nova resende,35
MG,NLA,nova lima,31
MG,NMO,nova modica,33
MG,NNE,nanuque,33
MG,NPO,nepomuceno,35
MG,NUO,nova uniao,31
MG,NVN,nova ponte,34
MG,NVS,nova serrana,37
MG,NYN,nacip raydan,33
MG,NZE,nazareno,35
MG,NZO,novo cruzeiro,33
MG,OLR,olaria,32
MG,OLV,oliveira,37
MG,ONT,onca de pitangui,37
MG,OPN,olimpio noronha,35
MG,ORP,ouro preto,31
MG,OUF,ouro fino,35
MG,OUO,ouro branco,31
MG,OVF,oliveira fortes,32
MG,OVM,ouro verde de minas,33
MG,PAD,prados,32
MG,PAL,palma,32
MG,PAN,pains,37
MG,PAU,pirauba,32
MG,PAV,pavao,33
MG,PBD,presidente bernardes,32
MG,PBM,passabem,31
MG,PCD,paula candido,32
MG,PCN,patrocinio do muriae,32
MG,PCS,pocos de caldas,35
MG,PDP,padre paraiso,33
MG,PDS,perdoes,35
MG,PDV,pedralva,35
MG,PDX,perdigao,37
MG,PEB,paraopeba,31
MG,PEE,presidente olegario,34
MG,PEQ,pequi,37
MG,PER,paineiras,37
MG,PEW,pedra do anta,31
MG,PEZ,perdizes,34
MG,PFE,porto firme,31
MG,PGC,paraguacu,35
MG,PGH,piranguinho,35
MG,PGW,piedade dos gerais,31
MG,PIU,piumhi,37
MG,PIV,paiva,32
MG,PIW,piau,32
MG,PJL,presidente juscelino,38
MG,PKK,presidente kubitschek,38
MG,PLO,pedro leopoldo,31
MG,PLU,planura,34
MG,PMN,pimenta,37
MG,PMS,patos de minas,34
MG,PNH,pecanha,33
MG,PNV,ponte nova,31
MG,POF,poco fundo,35
MG,POK,pedra dourada,32
MG,POU,pouso alto,35
MG,PPG,papagaios,37
MG,PPO,piedade de ponte nova,31
MG,PPU,pompeu,37
MG,PQI,pequeri,32
MG,PQO,passa quatro,35
MG,PRE,pocrane,33
MG,PRG,piranga,31
MG,PRJ,pirajuba,34
MG,PRO,pratapolis,35
MG,PRR,pirapora,38
MG,PRS,para de minas,37
MG,PRT,prata,34
MG,PRX,piedade do rio grande,32
MG,PSA,pouso alegre,35
MG,PSO,passos,35
MG,PSP,paraisopolis,35
MG,PSR,pescador,33
MG,PST,passa tempo,37
MG,PTC,patrocinio,34
MG,PTE,pote,33
MG,PTH,porteirinha,38
MG,PTI,pitangui,37
MG,PTU,paracatu,38
MG,PUD,prudente de morais,31
MG,PUT,paulistas,33
MG,PVI,passa-vinte,32
MG,PXI,pedro teixeira,32
MG,PXL,pedrinopolis,34
MG,PXN,pratinha,34
MG,PYC,piracema,37
MG,PYN,pedra do indaia,37
MG,PYU,pirangucu,35
MG,PZL,pedra azul,33
MG,QGL,quartel geral,37
MG,QLZ,queluzito,31
MG,RAO,raposos,31
MG,RCA,rio casca,31
MG,RCM,rio acima,31
MG,RDS,rio pardo de minas,38
MG,REC,recreio,32
MG,REN,rochedo de minas,32
MG,RES,rio espera,31
MG,RET,resende costa,32
MG,RHH,riacho dos machados,38
MG,RID,rio doce,31
MG,RIS,ritapolis,32
MG,RIV,rio vermelho,33
MG,RMR,romaria,34
MG,RNS,ribeirao das neves,31
MG,RNV,rio novo,32
MG,ROM,rio manso,31
MG,RPA,rio paranaiba,34
MG,RPB,rio pomba,32
MG,RPC,rio piracicaba,31
MG,RPD,rio do prado,33
MG,RQN,ressaquinha,32
MG,RRE,rio preto,32
MG,RSP,resplendor,33
MG,RSS,raul soares,33
MG,RUI,rubelita,38
MG,RUM,rubim,33
MG,RVH,ribeirao vermelho,35
MG,SAA,santo antonio do amparo,35
MG,SAG,santa margarida,31
MG,SAH,santana do manhuacu,33
MG,SAI,santa maria do salto,33
MG,SAJ,santana do jacare,35
MG,SAL,sao lourenco,35
MG,SBA,sabara,31
MG,SBB,santa barbara,31
MG,SBG,sao joao batista do gloria,35
MG,SBI,sobralia,33
MG,SBX,sao jose do goiabal,31
MG,SCK,santana de cataguases,32
MG,SCM,sapucai-mirim,35
MG,SDF,senador firmino,32
MG,SDG,sao domingos do prata,31
MG,SDT,santo antonio do monte,37
MG,SDV,salto da divisa,33
MG,SEF,santa efigenia de minas,33
MG,SEG,sao joao evangelista,33
MG,SEI,serrania,35
MG,SEM,soledade de minas,35
MG,SER,serro,38
MG,SFG,sao francisco do gloria,32
MG,SFI,sao francisco,38
MG,SFR,sao francisco de sales,34
MG,SGL,sao goncalo do abaete,38
MG,SGN,sao goncalo do para,37
MG,SGR,sao geraldo,32
MG,SGS,sao goncalo do sapucai,35
MG,SGT,sao gotardo,34
MG,SGW,sao miguel do anta,31
MG,SHI,santo hipolito,38
MG,SHP,senhora do porto,33
MG,SHR,senhora de oliveira,31
MG,SHS,senhora dos remedios,32
MG,SHX,santana do riacho,31
MG,SIG,sao tiago,32
MG,SIJ,santa rita de jacutinga,32
MG,SIR,santo antonio do grama,31
MG,SIW,sericita,31
MG,SJN,sao joao nepomuceno,32
MG,SJT,sao joao da ponte,38
MG,SJU,santa juliana,34
MG,SKD,santana do deserto,32
MG,SKG,sao geraldo da piedade,33
MG,SKJ,sao jose do mantimento,33
MG,SKO,sardoa,33
MG,SKU,serra da saudade,37
MG,SLA,sete lagoas,31
MG,SLK,sao jose do alegre,35
MG,SLN,salinas,38
MG,SLP,silvianopolis,35
MG,SLU,santa luzia,31
MG,SME,simonesia,33
MG,SMK,santana dos montes,31
MG,SMR,santa maria de itabira,31
MG,SMX,serra dos aimores,33
MG,SND,santos dumont,32
MG,SNF,santa fe de minas,38
MG,SNS,sabinopolis,33
MG,SNW,santa rosa da serra,34
MG,SNY,santana de pirapama,31
MG,SOE,sao joao del rei,32
MG,SPF,sao pedro dos ferros,33
MG,SPU,sao pedro do suacui,33
MG,SQN,sacramento,34
MG,SQS,sao roque de minas,37
MG,SRK,serranos,35
MG,SRS,santa rita do sapucai,35
MG,SRT,santa rita de caldas,35
MG,SRW,sao romao,38
MG,SRX,sao goncalo do rio abaixo,31
MG,SSA,serra do salitre,34
MG,SSF,sao jose da safira,33
MG,SSH,sao sebastiao do maranhao,33
MG,SSJ,sao jose do jacuri,33
MG,SSK,sao joao do paraiso,38
MG,SSO,sao francisco de paula,37
MG,SSP,sao sebastiao do paraiso,35
MG,SSQ,sao tomas de aquino,35
MG,SSV,senador modestino goncalves,38
MG,STE,sao joao do oriente,33
MG,STJ,santo antonio do jacinto,33
MG,STP,santa rita de ibitipoca,32
MG,STV,santa vitoria,34
MG,SUI,santa maria do suacui,33
MG,SUK,sao pedro da uniao,35
MG,SUW,sao bras do suacui,31
MG,SVH,sao jose da varginha,37
MG,SVS,sao vicente de minas,35
MG,SVX,sao jose do divino,33
MG,SWC,senador cortes,32
MG,SWE,silveirania,32
MG,SWG,santana do garambeu,32
MG,SWI,santa rita do itueto,33
MG,SWM,sao joao da mata,35
MG,SWO,sao sebastiao do oeste,37
MG,SWT,sao thome das letras,35
MG,SWU,santa barbara do tugurio,32
MG,SXB,sao sebastiao da bela vista,35
MG,SXR,sao sebastiao do rio verde,35
MG,SXT,sao sebastiao do rio preto,31
MG,SXV,santo antonio do aventureiro,32
MG,SXW,sao goncalo do rio preto,38
MG,SYA,senador jose bento,35
MG,SYB,sao bento abade,35
MG,SYI,santo antonio do itambe,33
MG,SYP,simao pereira,32
MG,SYT,seritinga,35
MG,SYX,santo antonio do rio abaixo,31
MG,SZU,serra azul de minas,38
MG,SZV,santa cruz do escalvado,31
MG,TAB,tabuleiro,32
MG,TCS,tres coracoes,35
MG,TIS,tocantins,32
MG,TMS,tres marias,38
MG,TOE,taiobeiras,38
MG,TOL,toledo,35
MG,TOS,tombos,32
MG,TOT,teofilo otoni,33
MG,TPC,tupaciguara,34
MG,TPI,tapirai,37
MG,TPY,tapira,34
MG,TQM,taquaracu de minas,31
MG,TRM,tarumirim,33
MG,TRV,turvolandia,35
MG,TRZ,tiros,34
MG,TSP,tres pontas,35
MG,TTG,tumiritinga,33
MG,TTO,timoteo,31
MG,TTS,tiradentes,32
MG,TUR,turmalina,38
MG,TXS,teixeiras,31
MG,UBA,uba,32
MG,UBI,ubai,38
MG,UBU,umburatiba,33
MG,ULA,uberlandia,34
MG,UNI,unai,38
MG,URA,uberaba,34
MG,URN,urucania,31
MG,VCS,vicosa,31
MG,VES,vieiras,32
MG,VGA,varginha,35
MG,VGL,virgolandia,33
MG,VGM,vargem bonita,37
MG,VGP,virginopolis,33
MG,VLT,volta grande,32
MG,VML,virgem da lapa,33
MG,VPN,vespasiano,31
MG,VRB,visconde do rio branco,32
MG,VRG,virginia,35
MG,VSM,verissimo,34
MG,VZE,vazante,34
MG,VZN,varzelandia,38
MG,VZP,varzea da palma,38
MG,WUZ,wenceslau braz,35
MG,YAN,ipanema,33
MG,YAU,iapu,33
MS,ACL,agua clara,67
MS,AEC,angelica,67
MS,AID,anaurilandia,67
MS,AMB,amambai,67
MS,ANC,anastacio,67
MS,AOE,aral moreira,67
MS,AOJ,antonio joao,67
MS,ATD,aparecida do taboado,67
MS,AUA,aquidauana,67
MS,BDQ,bodoquena,67
MS,BIP,bataypora,67
MS,BND,bandeirantes,67
MS,BSI,brasilandia,67
MS,BTG,bataguassu,67
MS,BTO,bonito,67
MS,BVT,bela vista,67
MS,CAP,camapua,67
MS,CGX,corguinho,67
MS,CKL,caracol,67
MS,CLA,cassilandia,67
MS,CMA,corumba,67
MS,CPE,campo grande,67
MS,CRP,caarapo,67
MS,CSF,chapadao do sul,67
MS,CXM,coxim,67
MS,DAA,douradina,67
MS,DIB,dois irmaos do buriti,67
MS,DOS,dourados,67
MS,DPS,deodapolis,67
MS,EDD,eldorado,67
MS,FSU,fatima do sul,67
MS,GDS,gloria de dourados,67
MS,GLG,guia lopes da laguna,67
MS,IGU,iguatemi,67
MS,INO,inocencia,67
MS,IQR,itaquirai,67
MS,ITP,itapora,67
MS,JAE,jatei,67
MS,JIM,jardim,67
MS,JKT,juti,67
MS,JRR,jaraguari,67
MS,KCA,costa rica,67
MS,KLS,coronel sapucaia,67
MS,LDO,ladario,67
MS,MCJ,maracaju,67
MS,MRD,miranda,67
MS,MUV,mundo novo,67
MS,NDI,nova andradina,67
MS,NOQ,nioaque,67
MS,NVR,navirai,67
MS,PDG,pedro gomes,67
MS,PKS,paranhos,67
MS,PNB,paranaiba,67
MS,PPR,ponta pora,67
MS,PTM,porto murtinho,67
MS,RBH,rio brilhante,67
MS,RHD,rochedo,67
MS,RNG,rio negro,67
MS,RRR,ribas do rio pardo,67
MS,RVG,rio verde de mato grosso,67
MS,SDN,sidrolandia,67
MS,SKQ,santa rita do pardo,67
MS,SWY,selviria,67
MS,SWZ,sonora,67
MS,SYW,sao gabriel do oeste,67
MS,TCU,tacuru,67
MS,TLS,tres lagoas,67
MS,TQU,taquarussu,67
MS,TRN,terenos,67
MS,VNN,vicentina,67
MT,ABO,agua boa,66
MT,AFL,alta floresta,66
MT,AGI,alto paraguai,65
MT,AGX,araguaiana,66
MT,ALT,alto garcas,66
MT,ALU,alto araguaia,66
MT,AOS,arenapolis,65
MT,AOU,alto taquari,66
MT,APC,apiacas,66
MT,APT,araputanga,65
MT,AUH,araguainha,66
MT,AYP,aripuana,66
MT,AZL,acorizal,65
MT,BAG,barra do garcas,66
MT,BBG,barra do bugres,65
MT,BML,barao de melgaco,65
MT,BNR,brasnorte,66
MT,CBA,cuiaba,65
MT,CCS,caceres,65
MT,CCZ,cocalinho,66
MT,CDE,colider,66
MT,CDZ,claudia,66
MT,CGI,chapada dos guimaraes,65
MT,CKW,canarana,66
MT,CMZ,comodoro,65
MT,CTQ,castanheira,66
MT,CZN,campo novo do parecis,65
MT,CZV,campo verde,66
MT,DIO,diamantino,65
MT,DQN,dom aquino,66
MT,DSE,denise,65
MT,FDO,figueiropolis doeste,65
MT,GAD,gloria doeste,65
MT,GDN,guaranta do norte,66
MT,GEC,general carneiro,66
MT,GGA,guiratinga,66
MT,IDV,indiavai,65
MT,ITQ,itiquira,65
MT,IUZ,itauba,66
MT,JCR,jaciara,66
MT,JGD,jangada,65
MT,JIA,juscimeira,66
MT,JNA,juina,66
MT,JRW,jauru,65
MT,JUW,juruena,66
MT,JXA,juara,66
MT,KAS,campinapolis,66
MT,LCR,luciara,66
MT,LRV,lucas do rio verde,65
MT,MIS,mirassol doeste,65
MT,MLY,marcelandia,66
MT,MTK,matupa,66
MT,NAB,nova brasilandia,66
MT,NBS,nobres,65
MT,NCN,nova canaa do norte,66
MT,NDA,nortelandia,65
MT,NHN,novo horizonte do norte,66
MT,NMM,nova mutum,65
MT,NMV,nova monte verde,66
MT,NRN,nossa senhora do livramento,65
MT,NSA,novo santo antonio,66
MT,NSH,nova santa helena,66
MT,NSJ,novo sao joaquim,66
MT,NVW,nova olimpia,65
MT,NXV,nova xavantina,66
MT,PAZ,porto alegre do norte,66
MT,PCK,pontes e lacerda,65
MT,PEC,ponte branca,66
MT,PNE,pocone,65
MT,PNZ,paranaita,66
MT,POH,porto dos gauchos,66
MT,PTP,porto esperidiao,65
MT,PVT,primavera do leste,66
MT,PWT,paranatinga,66
MT,PXO,poxoreo,66
MT,PXZ,peixoto de azevedo,66
MT,RBR,rio branco,65
MT,RCC,ribeirao cascalheira,66
MT,ROE,rosario oeste,65
MT,ROI,rondonopolis,66
MT,RVC,reserva do cabacal,65
MT,SJK,sao jose do rio claro,65
MT,SNO,sinop,66
MT,SQU,sao jose dos quatro marcos,65
MT,SSZ,sorriso,66
MT,SVG,santo antonio do leverger,65
MT,SWK,salto do ceu,65
MT,SXK,sao felix do araguaia,66
MT,SZY,santa terezinha,66
MT,TDN,terra nova do norte,66
MT,TEU,tesouro,66
MT,TGS,tangara da serra,65
MT,TPK,tapurah,66
MT,TXU,torixoreu,66
MT,VAZ,varzea grande,65
MT,VBS,vila bela da santissima trindade,65
MT,VER,vera,66
PA,AAJ,anajas,91
PA,ABT,abaetetuba,91
PA,AFU,afua,91
PA,AGU,augusto correa,91
PA,AIU,ananindeua,91
PA,AKA,acara,91
PA,ALQ,alenquer,93
PA,AMM,almeirim,93
PA,ATM,altamira,93
PA,AVE,aveiro,93
PA,BCN,barcarena,91
PA,BGG,brejo grande do araguaia,94
PA,BGN,braganca,91
PA,BGX,bagre,91
PA,BIO,baiao,91
PA,BJT,bom jesus do tocantins,94
PA,BLM,belem,91
PA,BNX,bonito,91
PA,BRV,breves,91
PA,BUJ,bujaru,91
PA,BVS,benevides,91
PA,CAH,castanhal,91
PA,CHR,cachoeira do arari,91
PA,CIR,conceicao do araguaia,94
PA,CKJ,canaa dos carajas,94
PA,CKV,chaves,91
PA,CLK,colares,91
PA,CLZ,curionopolis,94
PA,CME,cameta,91
PA,CPC,capitao poco,91
PA,CPN,capanema,91
PA,CPZ,concordia do para,91
PA,CUU,curuca,91
PA,CYH,curralinho,91
PA,DEU,dom eliseu,94
PA,FRO,faro,93
PA,GFN,garrafao do norte,91
PA,GRW,gurupa,91
PA,IAB,itaituba,93
PA,IGC,igarape-acu,91
PA,IGM,igarape-miri,91
PA,IHG,inhangapi,91
PA,INK,itupiranga,94
PA,IYT,irituia,91
PA,JUN,jacunda,94
PA,JUT,juruti,93
PA,LJU,limoeiro do ajuru,91
PA,MBA,maraba,94
PA,MCA,maracana,91
PA,MDW,medicilandia,93
PA,MEC,melgaco,91
PA,MGH,magalhaes barata,91
PA,MJB,mocajuba,91
PA,MNG,monte alegre,93
PA,MOJ,moju,91
PA,MPM,marapanim,91
PA,MRK,mae do rio,91
PA,MUA,muana,91
PA,NMB,nova timboteua,91
PA,OAN,ourilandia do norte,94
PA,OEA,oeiras do para,91
PA,OIS,obidos,93
PA,OUM,ourem,91
PA,OXA,oriximina,93
PA,PAH,prainha,93
PA,PCJ,pacaja,91
PA,PGN,paragominas,91
PA,PMZ,porto de moz,93
PA,POR,portel,91
PA,PPD,ponta de pedras,91
PA,PUP,parauapebas,94
PA,PVR,primavera,91
PA,PXB,peixe-boi,91
PA,RDO,redencao,94
PA,RMA,rio maria,94
PA,RNP,rondon do para,94
PA,RRI,ruropolis,93
PA,SAF,sao francisco do para,91
PA,SAS,salinopolis,91
PA,SBJ,sao joao de pirabas,91
PA,SBQ,santa maria das barreiras,94
PA,SCO,sao caetano de odivelas,91
PA,SET,sao sebastiao da boa vista,91
PA,SGU,santana do araguaia,94
PA,SGZ,sao geraldo do araguaia,94
PA,SID,santa maria do para,91
PA,SIP,santa isabel do para,91
PA,SJF,senador jose porfirio,91
PA,SKN,santarem novo,91
PA,SLV,salvaterra,91
PA,SMG,sao miguel do guama,91
PA,SOG,sao joao do araguaia,94
PA,SRM,santarem,93
PA,STT,santo antonio do taua,91
PA,SUR,soure,91
PA,SXL,sao domingos do capim,91
PA,SXU,sao felix do xingu,94
PA,SZR,santa cruz do arari,91
PA,TCA,tucuma,94
PA,TLA,tailandia,91
PA,TOU,tome-acu,91
PA,TUU,tucurui,94
PA,UAA,uruara,93
PA,VGI,vigia,91
,PIRATUB,,
PA,VSU,viseu,91
PA,XGA,xinguara,94
PB,AAG,aracagi,83
PB,AAN,araruna,83
PB,ABW,agua branca,83
PB,AEA,areial,83
PB,AEI,areia,83
PB,AES,aroeiras,83
PB,AGG,alagoa grande,83
PB,AGO,alagoa nova,83
PB,AGY,aguiar,83
PB,AHA,alagoinha,83
PB,AHD,alhandra,83
PB,ARX,arara,83
PB,BAI,baia da traicao,83
PB,BBE,borborema,83
PB,BBZ,belem do brejo do cruz,83
PB,BEM,belem,83
PB,BEN,barra de santa rosa,83
PB,BEU,bom jesus,83
PB,BEX,bayeux,83
PB,BJZ,brejo do cruz,83
PB,BMU,bom sucesso,83
PB,BNN,bananeiras,83
PB,BOA,brejo dos santos,83
PB,BQO,boqueirao,83
PB,BRG,barra de sao miguel,83
PB,BSF,bonito de santa fe,83
PB,BVE,boa ventura,83
PB,CBD,cabedelo,83
PB,CBT,cubati,83
PB,CCI,conceicao,83
PB,CCK,cabaceiras,83
PB,CDX,condado,83
PB,CES,coremas,83
PB,CGE,campina grande,83
PB,CGY,catingueira,83
PB,CHY,cachoeira dos indios,83
PB,CIB,cacimba de dentro,83
PB,CIG,cuitegi,83
PB,CIX,caicara,83
PB,CKE,cacimba de areia,83
PB,CMW,camalau,83
PB,CPX,caapora,83
PB,CRH,catole do rocha,83
PB,CUT,cuite,83
PB,CWE,carrapateira,83
PB,CWV,curral velho,83
PB,CWX,conde,83
PB,CXG,congo,83
PB,CZD,cruz do espirito santo,83
PB,CZS,cajazeiras,83
PB,DES,duas estradas,83
PB,DIA,diamante,83
PB,DNS,dona ines,83
PB,DST,desterro,83
PB,EMS,emas,83
PB,ERA,esperanca,83
PB,FGS,fagundes,83
PB,FRH,frei martinho,83
PB,GBI,guarabira,83
PB,GIH,gurinhem,83
PB,IIW,ibiara,83
PB,ILD,imaculada,83
PB,INA,inga,83
PB,IOO,itapororoca,83
PB,IRN,itaporanga,83
PB,ITX,itatuba,83
PB,IYN,itabaiana,83
PB,JAC,jacarau,83
PB,JCO,jerico,83
PB,JDO,junco do serido,83
PB,JNG,juripiranga,83
PB,JPA,joao pessoa,83
PB,JUX,juru,83
PB,JZH,juazeirinho,83
PB,JZT,juarez tavora,83
PB,LAG,lagoa,83
PB,LDT,lagoa de dentro,83
PB,LGC,lagoa seca,83
PB,LSO,lastro,83
PB,LUN,lucena,83
PB,LVR,livramento,83
PB,MAI,mari,83
PB,MAN,manaira,83
PB,MCX,mataraca,83
PB,MDK,montadas,83
PB,MER,monteiro,83
PB,MEX,mae dagua,83
PB,MGY,mogeiro,83
PB,MHB,monte horebe,83
PB,MLT,malta,83
PB,MME,mamanguape,83
PB,MNU,massaranduba,83
PB,MUL,mulungu,83
PB,NOD,nova olinda,83
PB,NUB,natuba,83
PB,NVF,nova floresta,83
PB,NVL,nova palmeira,83
PB,NZZ,nazarezinho,83
PB,OLH,olho dagua,83
PB,OUV,ouro velho,83
PB,OVD,olivedos,83
PB,PBL,pombal,83
PB,PCI,picui,83
PB,PFO,pedras de fogo,83
PB,PIC,pianco,83
PB,PIL,princesa isabel,83
PB,PKB,pedra branca,83
PB,PMU,pitimbu,83
PB,POS,patos,83
PB,POZ,piloezinhos,83
PB,PPB,pirpirituba,83
PB,PRK,prata,83
PB,PSM,passagem,83
PB,PUX,paulista,83
PB,PVD,pedra lavrada,83
PB,PXA,puxinana,83
PB,PYL,piloes,83
PB,PYR,pilar,83
PB,QUS,queimadas,83
PB,QXB,quixaba,83
PB,RHO,riacho dos cavalos,83
PB,RMG,remigio,83
PB,RTT,rio tinto,83
PB,SBT,sao bento,83
PB,SCX,sao joao do cariri,83
PB,SCZ,santa cruz,83
PB,SDK,serra redonda,83
PB,SDZ,serra da raiz,83
PB,SGP,sao jose da lagoa tapada,83
PB,SJH,sao jose de espinharas,83
PB,SKC,sao jose de caiana,83
PB,SKE,serra grande,83
PB,SKF,sao jose do bonfim,83
PB,SKH,salgadinho,83
PB,SKL,sao sebastiao de lagoa de roca,83
PB,SKT,santana de mangueira,83
PB,SLZ,santa luzia,83
PB,SMP,sao miguel de taipu,83
PB,SMZ,sao sebastiao do umbuzeiro,83
PB,SOA,solanea,83
PB,SOD,soledade,83
PB,SOW,santana dos garrotes,83
PB,SPH,sape,83
PB,SPN,sao jose de piranhas,83
PB,SRB,serra branca,83
PB,SRI,santa rita,83
PB,SRY,serraria,83
PB,SSX,salgado de sao felix,83
PB,STH,santa helena,83
PB,SUE,sume,83
PB,SXC,sao jose dos cordeiros,83
PB,SXG,sao joao do tigre,83
PB,SXQ,sao joao do rio do peixe,83
PB,SXS,sao jose do sabugi,83
PB,SYH,santa teresinha,83
PB,SZA,sousa,83
PB,TAM,tacima,83
PB,TER,taperoa,83
PB,TRU,triunfo,83
PB,TVS,tavares,83
PB,TXE,teixeira,83
PB,UIN,uirauna,83
PB,UUZ,umbuzeiro,83
PB,VRA,varzea,83
PE,ABU,abreu e lima,81
PE,ACV,arcoverde,87
PE,AFI,afogados da ingazeira,87
PE,AFO,afranio,87
PE,AGB,aguas belas,87
PE,AGE,agrestina,81
PE,AGH,alagoinha,87
PE,AGM,angelim,87
PE,AGP,agua preta,81
PE,AIN,alianca,81
PE,ANH,altinho,81
PE,ARJ,amaraji,81
PE,ARR,araripina,87
PE,BAR,barreiros,81
PE,BCE,bom conselho,87
PE,BDD,brejo da madre de deus,81
PE,BEA,betania,87
PE,BEL,belem de maria,81
PE,BGB,barra de guabiraba,81
PE,BJH,brejinho,87
PE,BJI,bom jardim,81
PE,BJM,belo jardim,81
PE,BLF,belem de sao francisco,87
PE,BNO,bonito,81
PE,BOO,bodoco,87
PE,BOS,buenos aires,81
PE,BQU,buique,87
PE,BRA,brejao,87
PE,CAA,carpina,81
PE,CBO,cabo de santo agostinho,81
PE,CDD,condado,81
PE,CDK,calcado,87
PE,CEK,caetes,87
PE,CFX,camocim de sao felix,81
PE,CGB,camaragibe,81
PE,CHD,cha grande,81
PE,CHG,cha de alegria,81
PE,CHH,canhotinho,87
PE,CIH,cachoeirinha,81
PE,CLI,calumbi,87
PE,CNB,carnaiba,87
PE,COE,cortes,81
PE,COO,cabrobo,87
PE,COT,correntes,87
PE,CRU,caruaru,81
PE,CTN,catende,81
PE,CUD,custodia,87
PE,CUN,camutanga,81
PE,CUP,cupira,81
PE,CUW,cumaru,81
PE,CXD,cedro,87
PE,CYX,capoeiras,87
PE,EAA,escada,81
PE,EXU,exu,87
PE,FEN,fernando de noronha,81
PE,FLS,flores,87
PE,FML,frei miguelinho,81
PE,FNV,feira nova,81
PE,FRS,ferreiros,81
PE,FRT,floresta,87
PE,GGT,gloria do goita,81
PE,GIT,granito,87
PE,GLR,gameleira,81
PE,GOI,goiana,81
PE,GUS,garanhuns,87
PE,GVT,gravata,81
PE,IBX,itambe,81
PE,IGZ,ingazeira,87
PE,IIM,ibimirim,87
PE,IJB,ibirajuba,87
PE,IKI,iati,87
PE,IKM,itapetim,87
PE,INJ,inaja,87
PE,IPB,ipubi,87
PE,IPJ,ipojuca,81
PE,IQW,itaquitinga,81
PE,IRC,iguaraci,87
PE,ISS,igarassu,81
PE,ITS,itapissuma,81
PE,IWB,itacuruba,87
PE,IYB,itaiba,87
PE,JBO,jaboatao dos guararapes,81
PE,JFD,joao alfredo,81
PE,JNO,joaquim nabuco,81
PE,JTB,jatauba,81
PE,JUI,jupi,87
PE,JUM,jurema,87
PE,LGG,lagoa dos gatos,81
PE,LIO,limoeiro,81
PE,LJD,lajedo,87
PE,LOG,lagoa do itaenga,81
PE,LOO,lagoa do ouro,87
PE,MAA,maraial,81
PE,MCN,macaparana,81
PE,MDB,mirandiba,87
PE,MEN,moreno,81
PE,MHO,machados,81
PE,NZM,nazare da mata,81
PE,OLD,olinda,81
PE,OOO,orobo,81
PE,ORO,oroco,87
PE,OUI,ouricuri,87
PE,PCO,pocao,87
PE,PED,pedra,87
PE,PES,panelas,81
PE,PIM,parnamirim,87
PE,PLH,paudalho,81
PE,PLS,palmares,81
PE,PME,palmeirina,87
PE,PMK,paranatama,87
PE,POB,pombos,81
PE,PQE,pesqueira,87
PE,PSS,passira,81
PE,PTA,petrolina,87
PE,PTR,petrolandia,87
PE,PUI,paulista,81
PE,PVE,primavera,81
PE,QPA,quipapa,81
PE,RBE,ribeirao,81
PE,RCE,recife,81
PE,RHM,riacho das almas,81
PE,RIF,rio formoso,81
PE,SAZ,santa terezinha,87
PE,SCU,santa maria do cambuca,81
PE,SDB,sao jose do belmonte,87
PE,SDI,sao benedito do sul,81
PE,SDM,sao lourenco da mata,81
PE,SEC,sao jose da coroa grande,81
PE,SEY,serrita,87
PE,SGH,salgadinho,81
PE,SGI,salgueiro,87
PE,SHD,serra talhada,87
PE,SHM,sirinhaem,81
PE,SIB,santa maria da boa vista,87
PE,SIT,sao caitano,81
PE,SJG,sao jose do egito,87
PE,SLX,saloa,87
PE,SNH,sanharo,87
PE,SOJ,sao joao,87
PE,SQM,sao joaquim do monte,81
PE,STN,sertania,87
PE,SUN,sao bento do una,81
PE,SUU,surubim,81
PE,SVF,sao vicente ferrer,81
PE,SWL,solidao,87
PE,SYE,saire,81
PE,SZC,santa cruz do capibaribe,81
PE,TAC,tacaimbo,81
PE,TBR,tabira,87
PE,TDD,trindade,87
PE,TEV,terra nova,87
PE,TEZ,terezinha,87
PE,THM,tracunhaem,81
PE,TIU,timbauba,81
PE,TNF,triunfo,87
PE,TQN,taquaritinga do norte,81
PE,TTA,toritama,81
PE,TTN,tupanatinga,87
PE,TTU,tacaratu,87
PE,TUE,tuparetama,87
PE,VCI,vicencia,81
PE,VJE,verdejante,87
PE,VSA,vitoria de santo antao,81
PE,VTS,vertentes,81
PE,VUS,venturosa,87
PI,ABA,agua branca,86
PI,AIL,agricolandia,86
PI,AKP,alagoinha do piaui,89
PI,ALD,angical do piaui,86
PI,AMD,antonio almeida,89
PI,ANT,amarante,86
PI,AOX,alto longa,86
PI,ARK,arraial,89
PI,ARZ,aroazes,89
PI,ASB,anisio de abreu,89
PI,ATS,altos,86
PI,AVP,avelino lopes,89
PI,BCI,bocaina,89
PI,BDU,barro duro,86
PI,BIL,buriti dos lopes,86
PI,BLH,batalha,86
PI,BOM,bom jesus,89
PI,BRZ,barras,86
PI,BSD,barreiras do piaui,89
PI,BTL,bertolinia,89
PI,BTS,beneditinos,86
PI,CCX,cocal,86
PI,CII,canto do buriti,89
PI,CKU,campinas do piaui,89
PI,CNT,corrente,89
PI,CPI,castelo do piaui,86
PI,CPW,capitao de campos,86
PI,CRA,campo maior,86
PI,CRW,caracol,89
PI,CWI,cristalandia do piaui,89
PI,CYE,conceicao do caninde,89
PI,CYM,curimata,89
PI,CYT,cristino castro,89
PI,DEL,dom expedito lopes,89
PI,DIN,dom inocencio,89
PI,DIU,dirceu arcoverde,89
PI,DMM,domingos mourao,86
PI,DVB,demerval lobao,86
PI,EEV,elesbao veloso,86
PI,ELS,eliseu martins,89
PI,ENA,esperantina,86
PI,FCC,francisco santos,89
PI,FLO,floriano,89
PI,FNT,fronteiras,89
PI,FOO,francinopolis,89
PI,FUI,flores do piaui,89
PI,FYS,francisco ayres,89
PI,GDP,guadalupe,89
PI,GLU,gilbues,89
PI,HUN,hugo napoleao,86
PI,INU,inhuma,89
PI,IPD,ipiranga do piaui,89
PI,ISL,isaias coelho,89
PI,ITO,itainopolis,89
PI,IUY,itaueira,89
PI,JFT,jose de freitas,86
PI,JNH,jerumenha,89
PI,JOS,jaicos,89
PI,JQP,joaquim pires,86
PI,LDL,landri sales,89
PI,LSR,luis correia,86
PI,LZN,luzilandia,86
PI,MHG,monsenhor gil,86
PI,MHP,monsenhor hipolito,89
PI,MIE,miguel leao,86
PI,MLV,miguel alves,86
PI,MMI,manoel emidio,89
PI,MOU,monte alegre do piaui,89
PI,MPT,marcos parente,89
PI,MSO,matias olimpio,86
PI,NOP,novo oriente do piaui,89
PI,NRM,nossa senhora dos remedios,86
PI,NZI,nazare do piaui,89
PI,OES,oeiras,89
PI,PCR,piracuruca,86
PI,PCZ,picos,89
PI,PDO,pedro ii,86
PI,PET,pimenteiras,89
PI,PIP,piripiri,86
PI,PIX,pio ix,89
PI,PMD,palmeira do piaui,89
PI,PMY,padre marcos,89
PI,PNA,parnaiba,86
PI,PNW,parnagua,89
PI,PPY,prata do piaui,86
PI,PRW,porto,86
PI,PSK,paes landim,89
PI,PUS,paulistana,89
PI,PYA,palmeirais,86
PI,RBA,ribeira do piaui,89
PI,RBG,ribeiro goncalves,89
PI,RGE,regeneracao,86
PI,RGG,redencao do gurgueia,89
PI,RRP,rio grande do piaui,89
PI,SCB,sao joao da canabrava,89
PI,SCY,sao goncalo do piaui,86
PI,SFK,santa filomena,89
PI,SFU,sao francisco do piaui,89
PI,SLC,simplicio mendes,89
PI,SPI,sao joao do piaui,89
PI,SPP,sao pedro do piaui,86
PI,SPY,sao jose do piaui,89
PI,SRN,sao raimundo nonato,89
PI,SSB,santo antonio de lisboa,89
PI,SUO,sao miguel do tapuio,86
PI,SXE,sao jose do peixe,89
PI,SXI,sao felix do piaui,86
PI,SXJ,sao joao da serra,86
PI,SXZ,santa luz,89
PI,SYC,socorro do piaui,89
PI,SYJ,sao juliao,89
PI,SYS,simoes,89
PI,SYU,santo inacio do piaui,89
PI,SZI,santa cruz do piaui,89
PI,TSA,teresina,86
PI,UIO,uniao,86
PI,UUC,urucui,89
PI,VPI,valenca do piaui,89
PI,VZD,varzea grande,89
PR,AAH,anahy,45
PR,AAT,abatia,43
PR,ADP,adrianopolis,41
PR,ADU,agudos do sul,41
PR,ALI,atalaia,44
PR,AMP,altamira do parana,44
PR,AND,andira,43
PR,AOA,altonia,44
PR,AOL,antonio olinto,42
PR,AON,antonina,41
PR,APA,alto parana,44
PR,APO,arapoti,43
PR,APS,arapongas,43
PR,APU,apucarana,43
PR,APX,amapora,44
PR,ASD,assis chateaubriand,44
PR,ASS,assai,43
PR,ATG,astorga,44
PR,ATQ,alto piquiri,44
PR,ATT,almirante tamandare,41
PR,AUC,araucaria,41
PR,AUN,araruna,44
PR,AVL,alvorada do sul,43
PR,AWG,angulo,44
PR,BAC,barracao,46
PR,BBF,barbosa ferraz,44
PR,BDJ,barra do jacare,43
PR,BGY,braganey,45
PR,BIG,boa esperanca do iguacu,46
PR,BLV,balsa nova,41
PR,BMC,bom sucesso do sul,46
PR,BNT,bandeirantes,43
PR,BOP,boa esperanca,44
PR,BSU,bom sucesso,43
PR,BUU,bituruna,42
PR,BUV,bocaiuva do sul,41
PR,BVC,boa vista da aparecida,45
PR,BVP,bela vista do paraiso,43
PR,BWS,brasilandia do sul,44
PR,BZI,borrazopolis,43
PR,CAB,cambe,43
PR,CAK,contenda,41
PR,CAT,castro,42
PR,CAZ,ceu azul,45
PR,CBL,corbelia,45
PR,CBQ,carambei,42
PR,CBR,cambara,43
PR,CBX,colombo,41
PR,CBY,candido de abreu,43
PR,CDF,coronel domingos soares,46
PR,CDH,cidade gaucha,44
PR,CDV,catanduvas,45
PR,CFE,cafeara,43
PR,CFN,california,43
PR,CFW,cafelandia,45
PR,CFZ,cafezal do sul,44
PR,CGH,congonhinhas,43
PR,CHZ,chopinzinho,46
PR,CKG,campina grande do sul,41
PR,CLD,clevelandia,46
PR,CLG,campo largo,41
PR,CLL,carlopolis,43
PR,CLO,colorado,44
PR,CMB,cambira,43
PR,CMK,conselheiro mairinck,43
PR,CNE,cianorte,44
PR,CNM,capanema,46
PR,CPM,campo mourao,44
PR,CPP,cornelio procopio,43
PR,CQS,capitao leonidas marques,45
PR,CRZ,cerro azul,41
PR,CSC,cascavel,45
PR,CTA,curitiba,41
PR,CTZ,corumbatai do sul,44
PR,CUL,centenario do sul,43
PR,CUZ,cruzeiro do sul,44
PR,CVV,coronel vivida,46
PR,CXN,campo do tenente,41
PR,CYV,curiuva,43
PR,CZC,cruz machado,42
PR,CZG,cruzeiro do iguacu,46
PR,CZT,cruzeiro do oeste,44
PR,DEO,diamante doeste,45
PR,DRG,doutor camargo,44
PR,DSL,diamante do sul,45
PR,DTT,diamante do norte,44
PR,DUI,douradina,44
PR,DVZ,dois vizinhos,46
PR,EBT,engenheiro beltrao,44
PR,EEQ,eneas marques,46
PR,ERO,entre rios do oeste,45
PR,FAR,farol,44
PR,FGA,figueira,43
PR,FLI,florai,44
PR,FLR,florida,44
PR,FMS,formosa do oeste,44
PR,FNB,francisco beltrao,46
PR,FNX,fenix,44
PR,FOS,florestopolis,43
PR,FOZ,foz do iguacu,45
PR,FRV,francisco alves,44
PR,FSR,flor da serra do sul,46
PR,FXL,faxinal,43
PR,FZR,fazenda rio grande,41
PR,GAE,guaporema,44
PR,GDE,grandes rios,43
PR,GDM,godoy moreira,43
PR,GIA,guaira,44
PR,GNC,general carneiro,42
PR,GNU,guaraniacu,45
PR,GPM,guapirama,43
PR,GQB,guaraquecaba,41
PR,GRC,guairaca,44
PR,GRE,goioere,44
PR,GRP,guarapuava,42
PR,GRU,guaratuba,41
PR,GUC,guaraci,43
PR,IAJ,inaja,44
PR,IAS,itauna do sul,44
PR,IBF,ibema,45
PR,IBT,ibaiti,43
PR,ICM,icaraima,44
PR,ICW,iguaracu,44
PR,IDS,indianopolis,44
PR,IET,iretama,44
PR,IIL,itaipulandia,45
PR,IJR,itapejara doeste,46
PR,IMB,itambaraca,43
PR,IME,itambe,44
PR,INM,inacio martins,42
PR,IOE,iracema do oeste,44
PR,IOR,ibipora,43
PR,IPO,ipora,44
PR,IRI,irati,42
PR,IUJ,itaguaje,44
PR,IUV,imbituva,42
PR,IVB,ivatuba,44
PR,IVP,ivaipora,43
PR,IVT,ivate,44
PR,IVY,ivai,42
PR,IWU,iguatu,45
PR,IYA,ipiranga,42
PR,IZU,imbau,42
PR,JAR,japira,43
PR,JDG,jardim alegre,43
PR,JDS,jandaia do sul,43
PR,JGP,jaguapita,43
PR,JIV,jaguariaiva,43
PR,JNS,janiopolis,44
PR,JOI,jaboti,43
PR,JOL,jardim olinda,44
PR,JQA,joaquim tavora,43
PR,JRN,juranda,44
PR,JSA,jussara,44
PR,JUL,jundiai do sul,43
PR,JUR,japura,44
PR,JZN,jataizinho,43
PR,JZO,jacarezinho,43
PR,KGL,cantagalo,42
PR,KLE,kalore,43
PR,KPB,campo bonito,45
PR,LBO,lobato,44
PR,LDA,londrina,43
PR,LDE,lindoeste,45
PR,LDN,lidianopolis,43
PR,LJS,laranjeiras do sul,42
PR,LLS,leopolis,43
PR,LND,loanda,44
PR,LPA,lapa,41
PR,LPP,lupionopolis,43
PR,LUD,lunardelli,43
PR,LZI,luiziana,44
PR,MAP,mariopolis,46
PR,MCK,mercedes,45
PR,MDG,mandaguari,44
PR,MDN,medianeira,45
PR,MDT,mandirituba,41
PR,MES,morretes,41
PR,MGA,maringa,44
PR,MGC,mandaguacu,44
PR,MHE,maria helena,44
PR,MHZ,munhoz de melo,44
PR,MIV,miraselva,43
PR,MLA,marilandia do sul,43
PR,MLE,marmeleiro,46
PR,MLL,mallet,42
PR,MLN,marilena,44
PR,MLW,missal,45
PR,MLZ,mariluz,44
PR,MMR,mambore,44
PR,MNR,manoel ribas,43
PR,MOS,matinhos,41
PR,MQS,maua da serra,43
PR,MRB,marumbi,43
PR,MRH,marechal candido rondon,45
PR,MRV,marialva,44
PR,MSL,moreira sales,44
PR,MTD,matelandia,45
PR,MUH,mangueirinha,46
PR,MWR,maripa,44
PR,MYR,mirador,44
PR,NAA,nova aurora,45
PR,NEA,nova esperanca,44
PR,NED,nova esperanca do sudoeste,46
PR,NFA,nova fatima,43
PR,NIT,novo itacolomi,43
PR,NIV,nova alianca do ivai,44
PR,NLD,nova londrina,44
PR,NLJ,nova laranjeiras,42
PR,NLM,nova olimpia,44
PR,NMD,nova america da colina,43
PR,NPI,nova prata do iguacu,46
PR,NSB,nova santa barbara,43
PR,NSG,nossa senhora das gracas,44
PR,NSR,nova santa rosa,45
PR,NTS,nova tebas,42
PR,NVU,nova cantu,44
PR,ORG,ortigueira,42
PR,OUZ,ourizona,44
PR,OVO,ouro verde do oeste,45
PR,PBC,pato branco,46
PR,PBR,peabiru,44
PR,PBT,pinhal de sao bento,46
PR,PBX,pato bragado,45
PR,PDT,prudentopolis,42
PR,PEI,palmeira,42
PR,PFI,prado ferreira,43
PR,PGO,ponta grossa,42
PR,PHA,pranchita,46
PR,PHL,pinhalao,43
PR,PHO,pinhao,42
PR,PIG,pitanga,42
PR,PIO,paraiso do norte,44
PR,PIS,pirai do sul,42
PR,PIY,paranacity,44
PR,PLB,presidente castelo branco,44
PR,PLD,planaltina do parana,44
PR,PLF,paulo frontin,42
PR,PLM,palmas,46
PR,PML,palmital,42
PR,PNG,paranagua,41
PR,PNT,planalto,46
PR,PNU,paicandu,44
PR,POM,primeiro de maio,43
PR,POT,palotina,44
PR,PPX,paranapoema,44
PR,PQA,piraquara,41
PR,PRA,perola,44
PR,PRL,perola doeste,46
PR,PRU,porecatu,43
PR,PRV,porto vitoria,42
PR,PRY,porto rico,44
PR,PUF,paula freitas,42
PR,PVA,paranavai,44
PR,PYE,pien,41
PR,PZS,porto amazonas,42
PR,QBS,quatro barras,41
PR,QDN,quitandinha,41
PR,QIG,quedas do iguacu,46
PR,QNE,querencia do norte,44
PR,QNL,quinta do sol,44
PR,QTG,quatigua,43
PR,QTP,quatro pontes,45
PR,RBC,ribeirao claro,43
PR,RBI,rio branco do ivai,43
PR,RBL,rio branco do sul,41
PR,RBM,rio bom,43
PR,RBN,rio bonito do iguacu,42
PR,RDN,rondon,44
PR,REB,reboucas,42
PR,REO,rancho alegre doeste,44
PR,RHG,rancho alegre,43
PR,RHL,ribeirao do pinhal,43
PR,RLA,rolandia,43
PR,RLZ,realeza,46
PR,RNN,renascenca,46
PR,RON,rio negro,41
PR,ROO,roncador,44
PR,RRV,reserva,42
PR,RSO,rosario do ivai,43
PR,RZL,rio azul,42
PR,SAK,santo antonio do paraiso,43
PR,SAY,sao sebastiao da amoreira,43
PR,SCA,sao joao do caiua,44
PR,SCD,sao carlos do ivai,44
PR,SCE,santa cecilia do pavao,43
PR,SDY,sabaudia,43
PR,SED,sao jorge do ivai,44
PR,SEN,sao jeronimo da serra,43
PR,SFF,santa maria do oeste,42
PR,SGX,senges,43
PR,SHA,santa helena,45
PR,SHW,santa terezinha de itaipu,45
PR,SIF,sao joao do triunfo,42
PR,SIO,santo antonio do caiua,44
PR,SIX,sulina,46
PR,SIY,santo inacio,44
PR,SJD,sao jorge doeste,46
PR,SJI,sao joao do ivai,43
PR,SJP,sao jose dos pinhais,41
PR,SJX,sao joao,46
PR,SJZ,sao jorge do patrocinio,44
PR,SKI,santa ines,44
PR,SKY,sao jose das palmeiras,45
PR,SLF,salgado filho,46
PR,SLI,sao miguel do iguacu,45
PR,SLT,salto do itarare,43
PR,SNM,santa mariana,43
PR,SNP,santo antonio da platina,43
PR,SNV,santa isabel do ivai,44
PR,SOS,sertanopolis,43
PR,SOX,santana do itarare,43
PR,SPE,sapopema,43
PR,SPJ,sao pedro do iguacu,45
PR,SQC,siqueira campos,43
PR,SQL,santa lucia,45
PR,SQO,santa tereza do oeste,45
PR,SRJ,sertaneja,43
PR,SSL,sao mateus do sul,42
PR,SSU,santo antonio do sudoeste,46
PR,STF,santa fe,44
PR,STL,salto do lontra,46
PR,STX,sao tome,44
PR,SVI,sao pedro do ivai,43
PR,SVY,sao jose da boa vista,43
PR,SWF,sao manoel do parana,44
PR,SWQ,santa monica,44
PR,SWW,sarandi,44
PR,SXD,sao pedro do parana,44
PR,SZE,santa izabel do oeste,46
PR,SZO,santa cruz de monte castelo,44
PR,TAS,tupassi,44
PR,TBG,tibagi,42
PR,TEB,telemaco borba,42
PR,TEO,terra boa,44
PR,TJA,tapejara,44
PR,TJS,tijucas do sul,41
PR,TKN,tunas do parana,41
PR,TMO,tamboara,44
PR,TMZ,tomazina,43
PR,TNO,tuneiras do oeste,44
PR,TOO,toledo,45
PR,TPR,tapira,44
PR,TRA,terra rica,44
PR,TRX,terra roxa,44
PR,TSR,tres barras do parana,45
PR,TUO,turvo,42
PR,TXR,teixeira soares,42
PR,UFR,uniflor,44
PR,UMR,umuarama,44
PR,URI,urai,43
PR,UTA,ubirata,44
PR,UVA,uniao da vitoria,42
PR,VCO,vera cruz do oeste,45
PR,VLA,alto paraiso,44
PR,VRE,vere,46
PR,VRN,virmond,42
PR,VTN,ventania,42
PR,VTO,vitorino,46
PR,WBZ,wenceslau braz,43
PR,XMB,xambre,44
RJ,ACB,arraial do cabo,22
RJ,AMA,araruama,22
RJ,ARS,angra dos reis,24
RJ,BJO,bom jesus do itabapoana,22
RJ,BJR,bom jardim,22
RJ,BMA,barra mansa,24
RJ,BPI,barra do pirai,24
RJ,CBF,cabo frio,22
RJ,CBU,casimiro de abreu,22
RJ,CDI,cordeiro,22
RJ,CHM,cachoeiras de macacu,21
RJ,CMC,cambuci,22
RJ,CMO,carmo,22
RJ,CMU,conceicao de macabu,22
RJ,CPS,campos dos goytacazes,22
RJ,CTG,cantagalo,22
RJ,DQX,duque de caxias,21
RJ,DUS,duas barras,22
RJ,EPF,engenheiro paulo de frontin,24
RJ,IGI,itaguai,21
RJ,ILA,italva,22
RJ,IOC,itaocara,22
RJ,IOY,itaborai,21
RJ,IRA,itaperuna,22
RJ,IZA,itatiaia,24
RJ,LJM,laje do muriae,22
RJ,MCE,macae,22
RJ,MCM,miracema,22
RJ,MDS,mendes,24
RJ,MGB,mangaratiba,21
RJ,MGE,mage,21
RJ,MPE,miguel pereira,24
RJ,MRC,marica,21
RJ,NIU,nova iguacu,21
RJ,NLP,nilopolis,21
RJ,NOF,nova friburgo,22
RJ,NRI,niteroi,21
RJ,NTE,natividade,22
RJ,PAT,paraty,24
RJ,PBI,paracambi,21
RJ,PBS,paraiba do sul,24
RJ,PCA,porciuncula,22
RJ,PFS,paty do alferes,24
RJ,PII,pirai,24
RJ,PTS,petropolis,24
RJ,QUI,quissama,22
RJ,RBT,rio bonito,21
RJ,RCL,rio claro,24
RJ,RFS,rio das flores,24
RJ,RSD,resende,24
RJ,SDA,santa maria madalena,22
RJ,SDP,santo antonio de padua,22
RJ,SFD,sao fidelis,22
RJ,SGO,sao goncalo,21
RJ,SIU,sumidouro,22
RJ,SJB,sao joao da barra,22
RJ,SJM,silva jardim,22
RJ,SMI,sao joao de meriti,21
RJ,SPA,sao pedro da aldeia,22
RJ,SPC,sapucaia,24
RJ,SQR,saquarema,22
RJ,SSW,sao sebastiao do alto,22
RJ,SZJ,sao jose do vale do rio preto,24
RJ,TJN,trajano de morais,22
RJ,TRL,teresopolis,21
RJ,TRS,tres rios,24
RJ,VAS,vassouras,24
RJ,VLC,valenca,24
RJ,VRD,volta redonda,24
RN,ABC,areia branca,84
RN,ACI,acari,84
RN,ACU,acu,84
RN,ADG,alto do rodrigues,84
RN,AFZ,afonso bezerra,84
RN,AGV,agua nova,84
RN,ALF,almino afonso,84
RN,ANM,antonio martins,84
RN,ANO,angicos,84
RN,APD,apodi,84
RN,ARE,ares,84
RN,AXD,alexandria,84
RN,BFA,baia formosa,84
RN,BFN,bento fernandes,84
RN,BJN,brejinho,84
RN,BOU,bom jesus,84
RN,BRC,barcelona,84
RN,BRN,barauna,84
RN,CAY,ceara-mirim,84
RN,CCV,caicara do rio do vento,84
RN,CCW,cerro cora,84
RN,CDW,campo redondo,84
RN,CEZ,coronel ezequiel,84
RN,CGM,canguaretama,84
RN,CIC,caico,84
RN,CJA,coronel joao pessoa,84
RN,CNU,carnaubais,84
RN,CRB,caraubas,84
RN,CSS,currais novos,84
RN,CUO,carnauba dos dantas,84
RN,CWD,augusto severo,84
RN,CZE,cruzeta,84
RN,DRV,doutor severiano,84
RN,ECT,encanto,84
RN,EQD,equador,84
RN,ESO,espirito santo,84
RN,FAD,francisco dantas,84
RN,FNA,florania,84
RN,FPG,felipe guerra,84
RN,FRG,frutuoso gomes,84
RN,GAL,galinhos,84
RN,GME,guamare,84
RN,GOH,goianinha,84
RN,GSS,grossos,84
RN,GXS,governador dix-sept rosado,84
RN,IEL,ielmo marinho,84
RN,INC,ipanguacu,84
RN,ITW,itau,84
RN,IXP,ipueira,84
RN,JAN,jacana,84
RN,JAP,japi,84
RN,JDR,jandaira,84
RN,JIS,janduis,84
RN,JMG,jardim de angicos,84
RN,JMH,jardim de piranhas,84
RN,JMS,jardim do serido,84
RN,JOA,joao camara,84
RN,JOD,joao dias,84
RN,JOP,jose da penha,84
RN,JTU,jucurutu,84
RN,LEL,lagoa de velhos,84
RN,LES,lajes pintadas,84
RN,LGD,lagoa danta,84
RN,LGE,lagoa de pedras,84
RN,LGN,lagoa nova,84
RN,LGO,luis gomes,84
RN,LJE,lajes,84
RN,LLG,lagoa salgada,84
RN,LUR,lucrecia,84
RN,MCI,macaiba,84
RN,MCU,macau,84
RN,MCV,marcelino vieira,84
RN,MMS,monte das gameleiras,84
RN,MOG,monte alegre,84
RN,MRO,mossoro,84
RN,MTH,montanhas,84
RN,MTN,martins,84
RN,MTR,messias targino,84
RN,MXE,maxaranguape,84
RN,NCZ,nova cruz,84
RN,NSF,nisia floresta,84
RN,NTL,natal,84
RN,OAB,olho-dagua do borges,84
RN,OOB,ouro branco,84
RN,PAP,pedra preta,84
RN,PAW,parau,84
RN,PDH,pedro velho,84
RN,PDL,pedro avelino,84
RN,PEF,passa e fica,84
RN,PFR,pau dos ferros,84
RN,PGM,passagem,84
RN,PGR,pedra grande,84
RN,PLK,piloes,84
RN,PLW,portalegre,84
RN,PNS,pendencias,84
RN,POC,poco branco,84
RN,PRH,parelhas,84
RN,PRZ,parazinho,84
RN,PTW,patu,84
RN,PWM,parnamirim,84
RN,PWN,parana,84
RN,PZA,pureza,84
RN,RAD,riacho de santana,84
RN,RCZ,riacho da cruz,84
RN,RFF,rodolfo fernandes,84
RN,RFG,rafael godeiro,84
RN,RFL,rafael fernandes,84
RN,RHE,riachuelo,84
RN,RYA,ruy barbosa,84
RN,SAC,sao jose do campestre,84
RN,SAW,serra negra do norte,84
RN,SBE,sao bento do norte,84
RN,SBK,serra de sao bento,84
RN,SFA,sao rafael,84
RN,SFT,sao francisco do oeste,84
RN,SGM,sao goncalo do amarante,84
RN,SGV,senador georgino avelino,84
RN,SII,sao jose de mipibu,84
RN,SKA,santana do serido,84
RN,SKS,sao jose do serido,84
RN,SLG,sao paulo do potengi,84
RN,SMS,santana do matos,84
RN,SMU,sao miguel,84
RN,SNZ,santa cruz,84
RN,SOT,santo antonio,84
RN,SOV,sao vicente,84
RN,SOZ,senador eloi de souza,84
RN,SPK,sao pedro,84
RN,SSY,sao joao do sabugi,84
RN,STM,sao tome,84
RN,SWB,sao bento do trairi,84
RN,SWR,serrinha,84
RN,SWV,severiano melo,84
RN,SXF,sao fernando,84
RN,SYF,serra do mel,84
RN,SYO,sitio novo,84
RN,TAI,taipu,84
RN,TLG,taboleiro grande,84
RN,TNG,tangara,84
RN,TNN,tenente ananias,84
RN,TTT,timbauba dos batistas,84
RN,TUL,tibau do sul,84
RN,TUS,touros,84
RN,UNM,upanema,84
RN,UZL,umarizal,84
RN,VIO,vicosa,84
RN,VLR,vila flor,84
RN,VRZ,vera cruz,84
RN,VZA,varzea,84
RO,ADW,alvorada doeste,69
RO,AFT,alta floresta doeste,69
RO,AQS,ariquemes,69
RO,CJW,cerejeiras,69
RO,CMR,costa marques,69
RO,CWL,cacoal,69
RO,EOE,espigao doeste,69
RO,GJT,governador jorge teixeira,69
RO,GUM,guajara-mirim,69
RO,JAW,jaru,69
RO,JIP,ji-parana,69
RO,KLO,colorado do oeste,69
RO,MNK,monte negro,69
RO,NBA,nova brasilandia doeste,69
RO,OPO,ouro preto do oeste,69
RO,PBW,pimenta bueno,69
RO,PVO,porto velho,69
RO,PYM,presidente medici,69
RO,RCR,rio crespo,69
RO,RMM,rolim de moura,69
RO,SKZ,santa luzia doeste,69
RO,VHA,vilhena,69
RR,AER,alto alegre,95
RR,BFI,bonfim,95
RR,BVA,boa vista,95
RR,CKR,caracarai,95
RR,MJI,mucajai,95
RR,NRD,normandia,95
RR,SBZ,sao joao da baliza,95
RR,SZW,sao luiz,95
RS,AAY,alto alegre,54
RS,ADH,andre da rocha,54
RS,ADR,arroio dos ratos,51
RS,AEM,alecrim,55
RS,AFD,amaral ferrador,51
RS,AGQ,alegria,55
RS,AHS,agua santa,54
RS,AKS,arroio do sal,51
RS,ALG,alegrete,55
RS,AOD,antonio prado,54
RS,AOG,arroio grande,53
RS,AOI,arroio do meio,51
RS,AOT,arroio do tigre,51
RS,ARB,aratiba,54
RS,ASP,augusto pestana,55
RS,ASR,alpestre,55
RS,ATY,anta gorda,51
RS,AUD,agudo,55
RS,AUW,aurea,54
RS,AVA,alvorada,51
RS,AVZ,arvorezinha,51
RS,BCG,barao de cotegipe,54
RS,BCO,barracao,54
RS,BGE,bage,53
RS,BGV,bento goncalves,54
RS,BMJ,bom jesus,54
RS,BMT,brochier,51
RS,BPR,bom principio,51
RS,BQL,boqueirao do leao,51
RS,BRB,barao,51
RS,BRL,bom retiro do sul,51
RS,BRO,barra do ribeiro,51
RS,BRX,braga,55
RS,BSL,barros cassal,54
RS,BSR,bossoroca,55
RS,BTB,boa vista do burica,55
RS,BUA,butia,51
RS,CAM,camaqua,51
RS,CAN,canoas,51
RS,CBG,campos borges,54
RS,CBM,campo bom,51
RS,CCR,cachoeira do sul,51
RS,CEB,coronel bicaco,55
RS,CEN,canela,54
RS,CFD,cidreira,51
RS,CFR,caseiros,54
RS,CGC,cerro grande,55
RS,CGQ,camargo,54
RS,CGU,cangucu,53
RS,CGZ,cerro grande do sul,51
RS,CHN,cachoeirinha,51
RS,CIJ,cristal,51
RS,CIO,carazinho,54
RS,CLB,carlos barbosa,54
RS,CLW,cambara do sul,54
RS,CMV,campo novo,55
RS,CND,candelaria,51
RS,CPD,chapada,54
RS,CPU,cacapava do sul,55
RS,CPY,campinas do sul,54
RS,CQB,cerro branco,51
RS,CQD,cacique doble,54
RS,CQI,cacequi,55
RS,CQN,capela de santana,51
RS,CQU,charqueadas,51
RS,CRR,cerro largo,55
RS,CSL,caxias do sul,54
RS,CSU,crissiumal,55
RS,CSX,casca,54
RS,CTU,catuipe,55
RS,CTW,constantina,54
RS,CWK,cotipora,54
RS,CWR,condor,55
RS,CXE,chiapetta,55
RS,CXI,caibate,55
RS,CXL,colorado,54
RS,CXR,ciriaco,54
RS,CYC,caicara,55
RS,CYG,candido godoi,55
RS,CYI,campina das missoes,55
RS,CZA,cruz alta,55
RS,CZR,cruzeiro do sul,51
RS,CZX,cruzaltense,54
RS,DLD,dois lajeados,54
RS,DMC,doutor mauricio cardoso,55
RS,DMF,dom feliciano,51
RS,DOF,dona francisca,55
RS,DSR,dois irmaos,51
RS,DVC,david canabarro,54
RS,DZN,dezesseis de novembro,55
RS,EGC,eugenio de castro,55
RS,EGV,estacao,54
RS,EIJ,entre-ijuis,55
RS,EIO,esteio,51
RS,ENS,ernestina,54
RS,EPO,espumoso,54
RS,ERB,erebango,54
RS,ERE,erechim,54
RS,ERI,entre rios do sul,54
RS,ESD,esmeralda,54
RS,ESL,encruzilhada do sul,51
RS,ESU,eldorado do sul,51
RS,ETA,estrela,51
RS,ETD,encantado,51
RS,EVA,estancia velha,51
RS,EVE,erval grande,54
RS,EVS,erval seco,55
RS,FCA,flores da cunha,54
RS,FIZ,feliz,51
RS,FMG,formigueiro,55
RS,FRL,farroupilha,54
RS,FVL,fagundes varela,54
RS,FWN,frederico westphalen,55
RS,FXO,faxinal do soturno,55
RS,FXV,fontoura xavier,54
RS,FXZ,faxinalzinho,54
RS,FZV,fortaleza dos valos,55
RS,GAO,guapore,54
RS,GAU,gaurama,54
RS,GBJ,guabiju,54
RS,GDO,gramado,54
RS,GLC,general camara,51
RS,GLI,glorinha,51
RS,GMS,guarani das missoes,55
RS,GRA,girua,55
RS,GRD,garibaldi,54
RS,GTI,gravatai,51
RS,GUB,guaiba,51
RS,HMN,harmonia,51
RS,HUA,humaita,55
RS,HVL,herval,53
RS,HZA,horizontina,55
RS,IAY,irai,55
RS,IBD,imbe,51
RS,IBK,ibiaca,54
RS,IBQ,ibarama,51
RS,IBR,ibiruba,54
RS,IBS,ibiraiaras,54
RS,IBZ,ibirapuita,54
RS,ICQ,itacurubi,55
RS,IDD,independencia,55
RS,IJH,igrejinha,51
RS,IJI,ijui,55
RS,ILP,ilopolis,51
RS,IMT,imigrante,51
RS,IPF,ipe,54
RS,IQI,itaqui,55
RS,ITL,itatiba do sul,54
RS,IVI,ivoti,51
RS,IVO,ivora,55
RS,IZG,ipiranga do sul,54
RS,JAO,jaguarao,53
RS,JBT,jaboticaba,55
RS,JCS,julio de castilhos,55
RS,JGI,jaguari,55
RS,JOW,joia,55
RS,JQR,jaquirana,54
RS,JTG,jacutinga,54
RS,KDK,capao da canoa,51
RS,KPL,capao do leao,53
RS,LAA,lagoao,51
RS,LJO,lajeado,51
RS,LLZ,liberato salzano,55
RS,LVH,lagoa vermelha,54
RS,LVL,lavras do sul,55
RS,MEL,marcelino ramos,54
RS,MGO,montenegro,51
RS,MMO,mariano moro,54
RS,MRA,marau,54
RS,MRF,morro redondo,53
RS,MRG,miraguai,55
RS,MST,mostardas,51
RS,MTX,mata,55
RS,MTY,montauri,54
RS,MWM,mucum,51
RS,MXM,maximiliano de almeida,54
RS,NAV,nova alvorada,54
RS,NBE,nova brescia,51
RS,NEL,nova esperanca do sul,55
RS,NHO,novo hamburgo,51
RS,NMT,nao-me-toque,54
RS,NNI,nonoai,54
RS,NOB,nova bassano,54
RS,NOV,nova araca,54
RS,NPT,nova prata,54
RS,NRX,nova roma do sul,54
RS,NVH,nova hartz,51
RS,NVM,nova palma,55
RS,NVP,nova petropolis,54
RS,OSR,osorio,51
RS,PAE,porto alegre,51
RS,PAK,parobe,51
RS,PAS,passo fundo,54
RS,PBG,pantano grande,51
RS,PHM,pinheiro machado,53
RS,PIQ,pirapo,55
RS,PJA,pejucara,55
RS,PKA,poco das antas,51
RS,PLT,pelotas,53
RS,PMB,panambi,55
RS,PMF,paim filho,54
RS,PMH,palmitinho,55
RS,PMM,palmeira das missoes,55
RS,PNO,planalto,55
RS,POO,pedro osorio,53
RS,PRQ,progresso,51
RS,PTN,piratini,53
RS,PTO,portao,51
RS,PTV,protasio alves,54
RS,PUC,porto lucena,55
RS,PUG,putinga,51
RS,PUV,pouso novo,51
RS,PVM,paverama,51
RS,PWI,parai,54
RS,PWW,palmares do sul,51
RS,PXR,porto xavier,55
RS,PXS,paraiso do sul,55
RS,QRI,quarai,55
RS,QZN,quinze de novembro,54
RS,RDA,ronda alta,54
RS,RDI,rondinha,54
RS,RGR,rio grande,53
RS,RGZ,roque gonzales,55
RS,RIP,rio pardo,51
RS,ROB,rodeio bonito,55
RS,ROS,roca sales,51
RS,RRS,rosario do sul,55
RS,RSC,restinga seca,55
RS,RTE,rolante,51
RS,RTO,redentora,55
RS,RVA,relvado,51
RS,RZO,riozinho,51
RS,SAN,santo angelo,55
RS,SAV,santana da boa vista,53
RS,SBC,sao sebastiao do cai,51
RS,SBU,santa barbara do sul,55
RS,SBY,seberi,55
RS,SCJ,salto do jacui,55
RS,SCR,santa cruz do sul,51
RS,SCS,sao marcos,54
RS,SDE,santo antonio das missoes,55
RS,SDQ,sao domingos do sul,54
RS,SEE,sao sepe,55
RS,SFC,sao francisco de assis,55
RS,SFO,serafina correa,54
RS,SFP,sao francisco de paula,54
RS,SGB,sao gabriel,55
RS,SGF,segredo,51
RS,SHC,sao jose do hortencio,51
RS,SHN,saldanha marinho,55
RS,SHO,sobradinho,51
RS,SIA,sao luiz gonzaga,55
RS,SIH,sao martinho,55
RS,SIV,santana do livramento,55
RS,SJA,sao borja,55
RS,SJO,sao jeronimo,51
RS,SKM,sao paulo das missoes,55
RS,SLE,sao leopoldo,51
RS,SLL,sao lourenco do sul,53
RS,SMA,santa maria,55
RS,SMW,silveira martins,55
RS,SNC,sao nicolau,55
RS,SON,santo antonio da patrulha,51
RS,SOU,sao jose do ouro,54
RS,SPG,sapiranga,51
RS,SPL,sao pedro do sul,55
RS,SPS,sapucaia do sul,51
RS,SQE,sao jose do herval,54
RS,SQQ,sao jorge,54
RS,SQV,santa maria do herval,51
RS,SRD,sarandi,54
RS,SRO,santa rosa,55
RS,SSN,sao jose do norte,53
RS,STC,santo cristo,55
RS,STO,santiago,55
RS,STW,sertao,54
RS,SUG,santo augusto,55
RS,SUV,sananduva,54
RS,SVC,sao vicente do sul,55
RS,SVD,salvador do sul,51
RS,SVJ,sede nova,55
RS,SVM,sao valentim,54
RS,SVR,santa vitoria do palmar,53
RS,SVU,sao joao da urtiga,54
RS,SVZ,sao vendelino,51
RS,SWA,severiano de almeida,54
RS,SXH,selbach,54
RS,SZM,sao miguel das missoes,55
RS,TAD,tupandi,51
RS,TAE,terra de areia,51
RS,TCC,tres cachoeiras,51
RS,TDU,tucunduva,55
RS,TEP,tres passos,55
RS,TES,torres,51
RS,THA,tres arroios,54
RS,THS,tunas,51
RS,TJR,tapejara,54
RS,TMI,tres de maio,55
RS,TND,trindade do sul,54
RS,TPA,tapera,54
RS,TPE,tupancireta,55
RS,TPM,tres palmeiras,54
RS,TPS,tapes,51
RS,TQR,taquara,51
RS,TRC,turucu,53
RS,TRF,triunfo,51
RS,TRI,tramandai,51
RS,TSL,taquarucu do sul,55
RS,TSS,tres coroas,51
RS,TTP,tenente portela,55
RS,TUD,tuparendi,55
RS,TUI,taquari,51
RS,TUN,teutonia,51
RS,TVE,tavares,51
RS,VAA,vacaria,54
RS,VAG,vista gaucha,55
RS,VAI,venancio aires,51
RS,VAL,vista alegre,55
RS,VAN,vanini,54
RS,VAO,viamao,51
RS,VAT,vista alegre do prata,54
RS,VCD,vicente dutra,55
RS,VDS,viadutos,54
RS,VEZ,vera cruz,51
RS,VGF,victor graeff,54
RS,VLF,vila flores,54
RS,VMA,vila maria,54
RS,VNS,veranopolis,54
RS,VSL,vale do sol,51
SC,ACE,agua doce,49
SC,ACH,aguas de chapeco,49
SC,ADZ,abelardo luz,49
SC,AGD,anita garibaldi,49
SC,AHT,anchieta,49
SC,AIC,antonio carlos,48
SC,AIP,anitapolis,48
SC,ALW,angelina,48
SC,ALY,agrolandia,47
SC,AMY,aguas mornas,48
SC,ANB,abdon batista,49
SC,AOC,agronomica,47
SC,APK,apiuna,47
SC,AQI,araquari,47
SC,ARU,ararangua,48
SC,ASC,ascurra,47
SC,ATR,arroio trinta,49
SC,ATX,atalanta,47
SC,AUK,aurora,47
SC,AWR,alfredo wagner,48
SC,AZM,armazem,48
SC,BCU,balneario camboriu,47
SC,BGC,biguacu,48
SC,BMR,bom retiro,49
SC,BNU,blumenau,47
SC,BNV,benedito novo,47
SC,BON,braco do norte,48
SC,BOR,bom jardim da serra,49
SC,BQE,brusque,47
SC,BVH,barra velha,47
SC,BVR,botuvera,47
SC,CBK,campo belo do sul,49
SC,CBS,curitibanos,49
SC,CBW,camboriu,47
SC,CCO,chapeco,49
SC,CDA,concordia,49
SC,CDR,cacador,49
SC,CEH,canelinha,48
SC,CEW,campo ere,49
SC,CLE,campo alegre,47
SC,CLF,coronel freitas,49
SC,CNI,canoinhas,47
SC,CNP,cunha pora,49
SC,CNV,campos novos,49
SC,COU,corupa,47
SC,CRQ,celso ramos,49
SC,CTV,catanduvas,49
SC,CUA,criciuma,48
SC,CWB,caibi,49
SC,CXB,caxambu do sul,49
SC,DCQ,dionisio cerqueira,49
SC,DCS,descanso,49
SC,DNM,dona emma,47
SC,DPN,doutor pedrinho,47
SC,EVV,erval velho,49
SC,FGO,fraiburgo,49
SC,FHS,faxinal dos guedes,49
SC,FNS,florianopolis,48
SC,FQA,forquilhinha,48
SC,GAB,guaraciaba,49
SC,GAV,gravatal,48
SC,GBR,guabiruba,47
SC,GCS,governador celso ramos,48
SC,GJS,guaruja do sul,49
SC,GLV,galvao,49
SC,GMM,guaramirim,47
SC,GOR,grao para,48
SC,GPR,gaspar,47
SC,GRB,garopaba,48
SC,GRV,garuva,47
SC,HVD,herval doeste,49
SC,IAI,itajai,47
SC,IDL,indaial,47
SC,IEA,itapema,47
SC,IEK,ibicare,49
SC,IES,irineopolis,47
SC,IIR,ibirama,47
SC,ILO,ilhota,47
SC,ILS,itaiopolis,47
SC,IMA,imbituba,48
SC,IMK,ipumirim,49
SC,IMU,imbuia,47
SC,IPK,ipira,49
SC,IPT,ipora do oeste,49
SC,IPX,itapiranga,49
SC,IRH,iraceminha,49
SC,IRU,imarui,48
SC,ITH,itapoa,47
SC,IUP,ituporanga,47
SC,IXA,ita,49
SC,IXI,irani,49
SC,JBX,jose boiteux,47
SC,JCA,joacaba,49
SC,JCH,jacinto machado,48
SC,JGS,jaragua do sul,47
SC,JOR,jabora,49
SC,JUU,jaguaruna,48
SC,JVE,joinville,47
SC,KPO,correia pinto,49
SC,LAU,laurentino,47
SC,LBL,leoberto leal,48
SC,LDP,lacerdopolis,49
SC,LDU,lindoia do sul,49
SC,LGA,laguna,48
SC,LGS,lages,49
SC,LML,lauro muller,48
SC,LNG,lebon regis,49
SC,LOS,lontras,47
SC,LZV,luiz alves,47
SC,MAJ,maracaja,48
SC,MDL,modelo,49
SC,MEI,meleiro,48
SC,MFA,mafra,47
SC,MFU,morro da fumaca,48
SC,MJG,major gercino,48
SC,MJV,major vieira,47
SC,MOI,mondai,49
SC,MOT,monte castelo,47
SC,MSB,massaranduba,47
SC,MSC,matos costa,49
SC,MVH,maravilha,49
SC,NEM,nova erechim,49
SC,NVG,navegantes,47
SC,NVT,nova trento,48
SC,NZA,nova veneza,48
SC,OLS,orleans,48
SC,OTO,otacilio costa,49
SC,OUR,ouro,49
SC,PAC,palhoca,48
SC,PBY,peritiba,49
SC,PCC,presidente castello branco,49
SC,PCX,balneario picarras,47
SC,PEA,ponte alta,49
SC,PEL,porto belo,47
SC,PEN,penha,47
SC,PEU,presidente getulio,47
SC,PGD,praia grande,48
SC,PGK,pedras grandes,48
SC,PHP,pinheiro preto,49
SC,PLI,palmitos,49
SC,PMX,palma sola,49
SC,POD,pomerode,47
SC,PPV,papanduva,47
SC,PSU,presidente nereu,47
SC,PSW,ponte serrada,49
SC,PUL,paulo lopes,48
SC,PUN,porto uniao,42
SC,PUO,pouso redondo,47
SC,PXT,petrolandia,47
SC,PYB,piratuba,49
SC,PZO,pinhalzinho,49
SC,QBO,quilombo,49
SC,RCD,rio dos cedros,47
SC,RCP,rio do campo,47
SC,RDT,rio das antas,49
SC,RIN,rio negrinho,47
SC,RIO,rio do oeste,47
SC,RMD,romelandia,49
SC,ROD,rodeio,47
SC,ROF,rio fortuna,48
SC,RQO,rancho queimado,48
SC,RSL,rio do sul,47
SC,SAQ,serra alta,49
SC,SAR,seara,49
SC,SBF,sao bonifacio,48
SC,SBS,sao bento do sul,47
SC,SCC,santa cecilia,49
SC,SCH,schroeder,47
SC,SDX,sao domingos,49
SC,SEQ,santa rosa do sul,48
SC,SFS,sao francisco do sul,47
SC,SGE,sao miguel do oeste,49
SC,SGK,sao ludgero,48
SC,SIE,sideropolis,48
SC,SIZ,santo amaro da imperatriz,48
SC,SJL,sao joao do sul,48
SC,SJQ,sao joaquim,49
SC,SJS,sao joao batista,48
SC,SJW,sao jose do cerrito,49
SC,SLW,salete,47
SC,SMO,sombrio,48
SC,SNX,sao lourenco do oeste,49
SC,SOO,sao jose,48
SC,SRH,sao martinho,48
SC,SRL,sao carlos,49
SC,SSC,sao jose do cedro,49
SC,SUS,saudades,49
SC,SVK,salto veloso,49
SC,SXY,santa rosa de lima,48
SC,TAN,tangara,49
SC,TAO,taio,47
SC,TBC,trombudo central,47
SC,TIJ,tijucas,48
SC,TIL,timbe do sul,48
SC,TIO,timbo,47
SC,TNA,tunapolis,49
SC,TOG,timbo grande,49
SC,TRO,tubarao,48
SC,TSB,tres barras,47
SC,TVO,turvo,48
SC,TZE,treze de maio,48
SC,TZS,treze tilias,49
SC,UOE,uniao do oeste,49
SC,URP,urupema,49
SC,UUG,urussanga,48
SC,UUI,urubici,49
SC,VGO,vargeao,49
SC,VII,videira,49
SC,VRM,vidal ramos,47
SC,VTM,vitor meireles,47
SC,WUM,witmarsum,47
SC,XVA,xavantina,49
SC,XXE,xanxere,49
SC,XXM,xaxim,49
SC,YCA,icara,48
SC,ZTA,zortea,49
SE,AEB,areia branca,79
SE,AJU,aracaju,79
SE,APF,amparo de sao francisco,79
SE,AQB,aquidaba,79
SE,AUX,araua,79
SE,BEJ,brejo grande,79
SE,BQM,boquim,79
SE,BQS,barra dos coqueiros,79
SE,CAI,carmopolis,79
SE,CBE,cumbe,79
SE,CDB,campo do brito,79
SE,CEJ,cedro de sao joao,79
SE,CFY,caninde de sao francisco,79
SE,CHB,canhoba,79
SE,CPL,capela,79
SE,CSP,cristinapolis,79
SE,CYR,carira,79
SE,DNP,divina pastora,79
SE,ETC,estancia,79
SE,FIP,frei paulo,79
SE,FVA,feira nova,79
SE,GCH,gracho cardoso,79
SE,GRX,gararu,79
SE,GYD,general maynard,79
SE,IBI,itabi,79
SE,IHF,ilha das flores,79
SE,IJD,itaporanga dajuda,79
SE,IND,indiaroba,79
SE,INN,itabaianinha,79
SE,INT,itabaiana,79
SE,JPO,japoata,79
SE,JUB,japaratuba,79
SE,LAT,lagarto,79
SE,LNJ,laranjeiras,79
SE,MHR,malhador,79
SE,MLD,malhada dos bois,79
SE,MMB,macambira,79
SE,MOB,moita bonita,79
SE,MRM,maruim,79
SE,MSG,monte alegre de sergipe,79
SE,MUB,muribeca,79
SE,NHG,nossa senhora da gloria,79
SE,NNL,nossa senhora de lourdes,79
SE,NOS,neopolis,79
SE,NRA,nossa senhora aparecida,79
SE,NRO,nossa senhora do socorro,79
SE,NSD,nossa senhora das dores,79
SE,PAB,pirambu,79
SE,PDK,poco redondo,79
SE,PEH,pedrinhas,79
SE,PFH,porto da folha,79
SE,PKT,pacatuba,79
SE,POV,poco verde,79
SE,PPI,propria,79
SE,PXM,pedra mole,79
SE,PYO,pinhao,79
SE,REE,rosario do catete,79
SE,RHT,riachao do dantas,79
SE,RRO,ribeiropolis,79
SE,SAX,salgado,79
SE,SCV,sao cristovao,79
SE,SDS,simao dias,79
SE,SFW,santana do sao francisco,79
SE,SFY,sao francisco,79
SE,SHY,santa luzia do itanhy,79
SE,SLM,santa rosa de lima,79
SE,SMB,santo amaro das brotas,79
SE,SXN,sao domingos,79
SE,SXO,sao miguel do aleixo,79
SE,SYR,siriri,79
SE,TBB,tobias barreto,79
SE,TGU,tomar do geru,79
SE,TLH,telha,79
SE,UUB,umbauba,79
SP,AAI,aguai,19
SP,AAL,alto alegre,18
SP,AAS,araras,19
SP,ABB,aguas de santa barbara,14
SP,ABS,americo brasiliense,16
SP,ADA,aparecida,12
SP,ADD,andradina,18
SP,ADE,aparecida doeste,17
SP,ADT,adamantina,18
SP,ADX,arandu,14
SP,ADY,analandia,19
SP,AFE,alvares florence,17
SP,AFS,alfredo marcondes,18
SP,AGA,artur nogueira,19
SP,AGL,aguas de lindoia,19
SP,AGS,agudos,14
SP,AGT,aguas da prata,19
SP,AHM,anhembi,14
SP,AHU,anhumas,18
SP,AHV,avanhandava,18
SP,AIA,atibaia,11
SP,AII,apiai,15
SP,ALV,arealva,14
SP,AMH,alvares machado,18
SP,AMO,americo de campos,17
SP,AMR,americana,19
SP,AMX,aramina,16
SP,ANG,angatuba,15
SP,ANP,altinopolis,16
SP,AOF,adolfo,17
SP,ARC,aracatuba,18
SP,ARD,aracoiaba da serra,15
SP,ARH,ariranha,17
SP,ARL,areiopolis,14
SP,ARO,amparo,19
SP,ARQ,araraquara,16
SP,ASI,assis,18
SP,ASO,aguas de sao pedro,19
SP,ATI,altair,17
SP,AUF,auriflama,17
SP,AUJ,aruja,11
SP,AVD,alvinlandia,14
SP,AVI,avai,14
SP,AVR,avare,14
SP,AVV,alvaro de carvalho,14
SP,AYS,areias,12
SP,BAB,balbinos,14
SP,BAS,bastos,14
SP,BAT,batatais,16
SP,BBN,barra bonita,14
SP,BBO,borborema,16
SP,BBS,barbosa,18
SP,BDO,bebedouro,17
SP,BDV,barra do turvo,15
SP,BEP,boa esperanca do sul,16
SP,BGP,braganca paulista,11
SP,BGU,birigui,18
SP,BLC,bilac,18
SP,BMM,biritiba-mirim,11
SP,BNB,bento de abreu,18
SP,BNI,barao de antonina,15
SP,BNL,bananal,12
SP,BNS,bernardino de campos,14
SP,BOB,borebi,14
SP,BOC,bocaina,14
SP,BOI,boraceia,14
SP,BOW,bora,18
SP,BRE,barueri,11
SP,BRH,barrinha,16
SP,BRI,buri,15
SP,BRQ,brodowski,16
SP,BRR,bariri,14
SP,BRS,barretos,17
SP,BRT,brotas,14
SP,BRU,bauru,14
SP,BSS,bom jesus dos perdoes,11
SP,BTA,buritama,18
SP,BTU,botucatu,14
SP,BTV,boituva,15
SP,BUN,brauna,18
SP,BYT,bady bassitt,17
SP,BZL,buritizal,16
SP,CAG,catigua,17
SP,CAO,cubatao,13
SP,CAS,campinas,19
SP,CBC,casa branca,19
SP,CBP,cabralia paulista,14
SP,CCD,caconde,19
SP,CDM,candido mota,18
SP,CDP,cordeiropolis,19
SP,CEG,cesario lange,15
SP,CER,caieiras,11
SP,CEX,cedral,17
SP,CEY,cananeia,13
SP,CFL,cafelandia,14
SP,CGT,caraguatatuba,12
SP,CHL,conchal,19
SP,CHP,cachoeira paulista,12
SP,CHQ,charqueada,19
SP,CHV,chavantes,14
SP,CIK,caiabu,18
SP,CIV,carapicuiba,11
SP,CJB,cajobi,17
SP,CJR,cajamar,11
SP,CKM,coronel macedo,14
SP,CLM,colombia,17
SP,CLN,colina,17
SP,CLT,capela do alto,15
SP,CMP,cosmopolis,19
SP,CMX,campo limpo paulista,11
SP,CNH,conchas,14
SP,COA,cotia,11
SP,COW,coroados,18
SP,CPB,capao bonito,15
SP,CPJ,campos do jordao,12
SP,CPR,capivari,19
SP,CPV,cacapava,12
SP,CQO,cerquilho,15
SP,CQR,cerqueira cesar,14
SP,CRG,candido rodrigues,16
SP,CRO,cruzeiro,12
SP,CRS,cardoso,17
SP,CSM,cosmorama,17
SP,CSQ,cassia dos coqueiros,16
SP,CTD,catanduva,17
SP,CTH,castilho,18
SP,CTY,clementina,18
SP,CUH,cunha,12
SP,CVA,cabreuva,11
SP,CVH,cravinhos,16
SP,CVP,campos novos paulista,14
SP,CVT,cristais paulista,16
SP,CXT,corumbatai,19
SP,CYU,caiua,18
SP,CZI,cruzalia,18
SP,DBD,dobrada,16
SP,DCR,dirce reis,17
SP,DCV,descalvado,19
SP,DDA,diadema,11
SP,DGS,dois corregos,14
SP,DLS,dolcinopolis,17
SP,DNA,duartina,14
SP,DRA,dracena,18
SP,DUD,dourado,16
SP,DUT,dumont,16
SP,EBG,embu-guacu,11
SP,ECP,euclides da cunha paulista,18
SP,EFO,elias fausto,19
SP,EHP,echapora,18
SP,ELD,eldorado,13
SP,EMB,embu das artes,11
SP,ENE,estrela do norte,18
SP,ESE,estrela doeste,17
SP,ESP,espirito santo do pinhal,19
SP,ETU,espirito santo do turvo,14
SP,EUB,embauba,17
SP,FAC,franca,16
SP,FAT,francisco morato,11
SP,FAV,ferraz de vasconcelos,11
SP,FCR,franco da rocha,11
SP,FLL,floreal,17
SP,FND,fernandopolis,17
SP,FON,florinia,18
SP,FPS,fernando prestes,16
SP,FPT,florida paulista,18
SP,FRA,flora rica,18
SP,FTA,fartura,14
SP,GAA,galia,14
SP,GAI,guaracai,18
SP,GAP,guararapes,18
SP,GAR,garca,14
SP,GBE,guaimbe,14
SP,GBT,gabriel monteiro,18
SP,GCI,guaraci,17
SP,GCR,glicerio,18
SP,GEI,guarei,15
SP,GIB,guariba,16
SP,GIC,guaicara,14
SP,GIR,guaira,17
SP,GJA,guaruja,13
SP,GLA,getulina,14
SP,GNT,guaranta,14
SP,GPA,guapiara,15
SP,GPI,guapiacu,17
SP,GRM,guararema,11
SP,GRS,guarulhos,11
SP,GSG,general salgado,17
SP,GTA,guaratingueta,12
SP,GTP,guatapara,16
SP,GUA,guara,16
SP,GVL,gastao vidigal,17
SP,GZA,guzolandia,17
SP,HED,herculandia,14
SP,IAC,ipaussu,14
SP,IAE,ibirarema,14
SP,IAG,iacanga,14
SP,IAK,iacri,14
SP,IAL,itapolis,16
SP,IAQ,itaquaquecetuba,11
SP,IAR,itapura,18
SP,IBE,ibate,16
SP,IBL,ilhabela,12
SP,IBN,ibiuna,15
SP,ICE,icem,17
SP,ICS,itapecerica da serra,11
SP,IDI,indiana,18
SP,IDP,indiapora,17
SP,IDU,indaiatuba,19
SP,IEN,ipeuna,19
SP,IEO,ipero,15
SP,IER,itabera,15
SP,IGA,itapetininga,15
SP,IGP,iguape,13
SP,IGT,igaracu do tiete,14
SP,IIA,itapira,19
SP,IIN,itirapina,19
SP,IJO,itajobi,17
SP,IJU,itaju,14
SP,IKG,igarata,11
SP,INE,itanhaem,13
SP,IOI,itobi,19
SP,IOK,iporanga,15
SP,IPE,iepe,18
SP,IPR,irapuru,18
SP,IPS,iracemapolis,19
SP,IPV,igarapava,16
SP,IPY,itapui,14
SP,IRG,itaporanga,15
SP,IRS,iaras,14
SP,IRW,irapua,17
SP,IRY,itariri,13
SP,ITA,itatiba,11
SP,ITE,itapevi,11
SP,ITG,itatinga,14
SP,ITR,itarare,15
SP,ITU,itu,11
SP,ITV,itupeva,11
SP,ITY,itai,14
SP,IUL,inubia paulista,18
SP,IVA,itapeva,15
SP,IVR,ituverava,16
SP,IWA,ipua,16
SP,IYG,ibitinga,16
SP,IYR,itirapua,16
SP,JAD,jandira,11
SP,JAI,jundiai,11
SP,JAL,jaboticabal,16
SP,JAU,jau,14
SP,JAY,jaci,17
SP,JCI,jacarei,12
SP,JCP,jacupiranga,13
SP,JGU,jaguariuna,19
SP,JIU,jarinu,11
SP,JLQ,julio mesquita,14
SP,JLS,jales,17
SP,JMB,jambeiro,12
SP,JND,jaborandi,17
SP,JOB,jose bonifacio,17
SP,JPS,joanopolis,11
SP,JQB,juquitiba,11
SP,JQS,junqueiropolis,18
SP,JRI,jardinopolis,16
SP,JRM,joao ramalho,18
SP,JRQ,jeriquara,16
SP,JUQ,juquia,13
SP,LEP,lencois paulista,14
SP,LGH,lagoinha,12
SP,LIA,lindoia,19
SP,LIS,lins,14
SP,LJP,laranjal paulista,15
SP,LME,leme,19
SP,LNA,lorena,12
SP,LOU,louveira,19
SP,LRA,limeira,19
SP,LST,luis antonio,16
SP,LUC,lucelia,18
SP,LUE,lutecia,18
SP,LUI,luiziania,18
SP,LUP,lupercio,14
SP,LVA,lavinia,18
SP,LVN,lavrinhas,12
SP,MAB,macaubal,17
SP,MAD,magda,17
SP,MAR,mairipora,11
SP,MAT,macatuba,14
SP,MAU,maua,11
SP,MCY,maracai,18
SP,MCZ,mogi das cruzes,11
SP,MDU,manduri,14
SP,MED,macedonia,17
SP,MEG,monte alegre do sul,19
SP,MGD,morro agudo,16
SP,MGG,mongagua,13
SP,MGL,miguelopolis,16
SP,MGU,mogi guacu,19
SP,MIA,marilia,14
SP,MID,mirandopolis,18
SP,MIG,murutinga do sul,18
SP,MIO,meridiano,17
SP,MIP,mariapolis,18
SP,MIU,miracatu,13
SP,MKC,motuca,16
SP,MLB,monteiro lobato,12
SP,MLS,marinopolis,17
SP,MMM,moji mirim,19
SP,MMU,mombuca,19
SP,MNB,morungaba,11
SP,MND,mendonca,17
SP,MNQ,mairinque,11
SP,MNT,monte alto,16
SP,MOC,mococa,19
SP,MOE,moncoes,17
SP,MOL,monte castelo,18
SP,MOM,matao,16
SP,MOR,monte mor,19
SP,MOZ,monte aprazivel,17
SP,MPO,martinopolis,18
SP,MPP,mirante do paranapanema,18
SP,MPS,monte azul paulista,17
SP,MPY,maraba paulista,18
SP,MRS,mirassol,17
SP,MSD,mirassolandia,17
SP,MSE,mira estrela,17
SP,MTT,mineiros do tiete,14
SP,NAI,nova independencia,18
SP,NDS,nova odessa,19
SP,NEU,nova europa,16
SP,NGA,nova granada,17
SP,NGG,nova guataporanga,18
SP,NHA,nhandeara,17
SP,NHT,novo horizonte,17
SP,NIP,nipoa,17
SP,NLZ,nova luzitania,17
SP,NND,narandiba,18
SP,NOL,nova alianca,17
SP,NUA,nuporanga,16
SP,NVA,neves paulista,17
SP,NVD,natividade da serra,12
SP,NZP,nazare paulista,11
SP,OCO,osasco,11
SP,ODE,onda verde,17
SP,ODU,orindiuva,17
SP,OIA,orlandia,16
SP,OIN,oriente,14
SP,OLA,olimpia,17
SP,ORN,ourinhos,14
SP,OSC,osvaldo cruz,18
SP,OSE,oscar bressane,14
SP,OUU,ocaucu,14
SP,OVE,ouro verde,18
SP,PAA,piracicaba,19
SP,PAG,pirassununga,19
SP,PAY,pongai,14
SP,PBA,pindamonhangaba,12
SP,PBE,pereira barreto,18
SP,PBK,pedra bela,11
SP,PCB,pacaembu,18
SP,PCP,patrocinio paulista,16
SP,PCT,piacatu,18
SP,PDA,pedreira,19
SP,PDD,piedade,15
SP,PDI,pradopolis,16
SP,PDR,pederneiras,14
SP,PDW,pardinho,14
SP,PEP,pedranopolis,17
SP,PEY,pereiras,14
SP,PFA,paulo de faria,17
SP,PGE,praia grande,13
SP,PGI,pirangi,17
SP,PGL,pedregulho,16
SP,PGP,paraguacu paulista,18
SP,PHZ,pinhalzinho,11
SP,PIA,piratininga,14
SP,PIE,piquete,12
SP,PIJ,piraju,14
SP,PJI,pirajui,14
SP,PLA,paulinia,19
SP,PLL,pilar do sul,15
SP,PLN,palestina,17
SP,PLX,planalto,18
SP,PMO,promissao,14
SP,PMT,palmital,18
SP,PNI,penapolis,18
SP,PNM,pindorama,17
SP,PNP,paranapua,17
SP,PNR,panorama,18
SP,POA,poa,11
SP,POI,poloni,17
SP,PON,porangaba,15
SP,PPA,pompeia,14
SP,PPE,presidente prudente,18
SP,PPJ,pirapora do bom jesus,11
SP,PPL,populina,17
SP,PPM,paranapanema,14
SP,PPT,palmares paulista,17
SP,PPZ,pirapozinho,18
SP,PQB,piquerobi,18
,Z.V,,
SP,PQU,pariquera-acu,13
SP,PRB,paraibuna,12
SP,PRC,piracaia,11
SP,PRF,porto feliz,15
SP,PSB,presidente bernardes,18
SP,PSE,presidente epitacio,18
SP,PSG,pontes gestal,17
SP,PSV,presidente alves,14
SP,PTB,potirendaba,17
SP,PTD,pedro de toledo,13
SP,PTF,porto ferreira,19
SP,PTG,pitangueiras,16
SP,PTK,platina,18
SP,PTL,pontal,16
SP,PUA,parapua,18
SP,PUE,peruibe,13
SP,PUY,pauliceia,18
SP,PVL,presidente venceslau,18
SP,PYS,paraiso,17
SP,QAA,quata,18
SP,QNN,quintana,14
SP,QOS,queiroz,14
SP,QUZ,queluz,12
SP,RAC,rancharia,18
SP,RBB,ribeirao bonito,16
SP,RBD,ribeirao do sul,14
SP,RCO,rio claro,19
SP,RDP,rio das pedras,19
SP,RED,redencao da serra,12
SP,RFA,rifaina,16
SP,RFD,rafard,19
SP,RGF,regente feijo,18
SP,RGP,reginopolis,14
SP,RGS,rio grande da serra,11
SP,RGT,registro,13
SP,RIC,ribeirao branco,15
SP,RIR,ribeira,15
SP,RLD,riolandia,17
SP,RLS,rinopolis,18
SP,RNA,rubineia,17
SP,RNO,rincao,16
SP,ROA,rosana,18
SP,RPO,ribeirao preto,16
SP,RPS,ribeirao pires,11
SP,RRC,ribeirao corrente,16
SP,RRL,riversul,15
SP,RSA,roseira,12
SP,RTG,restinga,16
SP,RUB,rubiacea,18
SP,SAB,santa albertina,17
SP,SAO,santo anastacio,18
SP,SAP,santo antonio de posse,19
SP,SBL,santa isabel,11
SP,SBO,sao bernardo do campo,11
SP,SBR,santa branca,12
SP,SBV,sao jose da bela vista,16
SP,SCL,sao carlos,16
SP,SCN,sao caetano do sul,11
SP,SCP,santa cruz do rio pardo,14
SP,SCW,santa clara doeste,17
SP,SDC,sud mennucci,18
SP,SDJ,santo antonio do jardim,19
SP,SDL,santa adelia,17
SP,SDU,sao joao das duas pontes,17
SP,SEK,sales,17
SP,SEP,salesopolis,11
SP,SEW,santa ernestina,16
SP,SEX,sete barras,13
SP,SFL,santa fe do sul,17
SP,SGD,santa gertrudes,19
SP,SGJ,sao miguel arcanjo,15
SP,SIK,sarutaia,14
SP,SIN,sabino,14
SP,SJC,sao jose dos campos,12
SP,SJR,sao jose do rio pardo,19
SP,SJV,sao joao da boa vista,19
SP,SKP,santana da ponte pensa,17
SP,SKR,sagres,18
SP,SLD,sao luis do paraitinga,12
SP,SLO,salto,11
SP,SLR,santo antonio da alegria,16
SP,SMC,santa mercedes,18
SP,SML,sao manuel,14
SP,SMY,santa maria da serra,19
SP,SNE,santo andre,11
SP,SNG,serra negra,19
SP,SNL,santa lucia,16
SP,SOC,sorocaba,15
SP,SOF,sao francisco,17
SP,SOH,santo antonio do pinhal,12
SP,SOM,sao simao,16
SP,SOR,socorro,19
SP,SOY,sao jose do barreiro,12
SP,SPB,santana de parnaiba,11
SP,SPD,sao pedro,19
SP,SPO,sao paulo,11
SP,SPR,salto de pirapora,15
SP,SQB,sao joaquim da barra,16
SP,SRA,serrana,16
SP,SRE,sao roque,11
SP,SRP,sarapui,15
SP,SRQ,santa rita do passa quatro,19
SP,SRR,sao jose do rio preto,17
SP,SRV,santa rosa de viterbo,16
SP,SRZ,serra azul,16
SP,SSG,sao sebastiao da grama,19
SP,SSI,sales oliveira,16
SP,SST,sao sebastiao,12
SP,STB,santa barbara doeste,19
SP,STG,salto grande,14
SP,STI,santopolis do aguapei,18
SP,STR,sao pedro do turvo,14
SP,STS,santos,13
SP,STZ,sertaozinho,16
SP,SUL,sao joao do pau dalho,18
SP,SUM,sumare,19
SP,SVE,sao vicente,13
SP,SVL,sandovalina,18
SP,SVN,severinia,17
SP,SWP,sebastianopolis do sul,17
SP,SXM,salmourao,18
SP,SXP,santo expedito,18
SP,SYD,santa rita doeste,17
SP,SYL,silveiras,12
SP,SZN,suzano,11
SP,SZS,santa cruz das palmeiras,19
SP,SZX,santa cruz da conceicao,19
SP,TAA,taiacu,16
SP,TAR,tarabai,18
SP,TAV,taiuva,16
SP,TBA,tabapua,17
SP,TBS,taboao da serra,11
SP,TBT,tabatinga,16
SP,TBU,tambau,19
SP,TCI,taciba,18
SP,TEA,tejupa,14
SP,TFS,tres fronteiras,17
SP,TGA,taquaritinga,16
SP,TIA,tapirai,15
SP,TIE,tiete,15
SP,TIM,timburi,14
SP,TMA,turmalina,17
SP,TMB,tremembe,12
SP,TNB,tanabi,17
SP,TNH,torrinha,14
SP,TOP,teodoro sampaio,18
SP,TOX,terra roxa,17
SP,TPB,tapiratiba,19
SP,TPL,tupi paulista,18
SP,TQB,taquarituba,14
SP,TTE,taubate,12
SP,TTI,tatui,15
SP,TUB,turiuba,18
SP,TUM,taruma,18
SP,TUP,tupa,14
SP,UHA,uchoa,17
SP,UIJ,ubirajara,14
SP,UNA,urania,17
SP,UPT,uniao paulista,17
SP,URU,uru,14
SP,UTB,ubatuba,12
SP,UUS,urupes,17
SP,VAP,valparaiso,18
SP,VDR,viradouro,17
SP,VGS,vargem grande do sul,19
SP,VIN,vinhedo,19
SP,VLL,valentim gentil,17
SP,VOM,votorantim,15
SP,VOS,valinhos,19
SP,VOT,votuporanga,17
SP,VPA,vargem grande paulista,11
SP,VRP,varzea paulista,11
SP,VSG,vista alegre do alto,16
SP,VUZ,vera cruz,14
SP,YBA,ibira,17
TO,AAO,arapoema,63
TO,AAX,arraias,63
TO,AGC,araguacema,63
TO,AGN,araguatins,63
TO,AGW,araguacu,63
TO,AIO,augustinopolis,63
TO,AKN,aparecida do rio negro,63
TO,AMS,almas,63
TO,ANW,ananas,63
TO,ANZ,alianca do tocantins,63
TO,ARN,araguaina,63
TO,AUT,aurora do tocantins,63
TO,AVO,alvorada,63
TO,AXX,axixa do tocantins,63
TO,BBU,babaculandia,63
TO,BNE,buriti do tocantins,63
TO,BNZ,brejinho de nazare,63
TO,BRD,barrolandia,63
TO,BSY,bernardo sayao,63
TO,CBZ,combinado,63
TO,CGO,colinas do tocantins,63
TO,CIA,cristalandia,63
TO,CKO,conceicao do tocantins,63
TO,CSZ,caseara,63
TO,DIR,dois irmaos do tocantins,63
TO,DIS,dianopolis,63
TO,DNG,divinopolis do tocantins,63
TO,DRE,duere,63
TO,FGP,figueiropolis,63
TO,FLF,filadelfia,63
TO,FOR,formoso do araguaia,63
TO,FTM,fatima,63
TO,GOT,goiatins,63
TO,GTE,goianorte,63
TO,GUI,guarai,63
TO,GUR,gurupi,63
TO,ICJ,itacaja,63
TO,IGS,itapora do tocantins,63
TO,IUK,itaguatins,63
TO,KLM,colmeia,63
TO,LZD,lizarda,63
TO,MKN,marianopolis do tocantins,63
TO,MNE,miracema do tocantins,63
TO,MRR,miranorte,63
TO,MTC,monte do carmo,63
TO,NAO,nova olinda,63
TO,NDD,natividade,63
TO,NOA,novo acordo,63
TO,NRL,nova rosalandia,63
TO,PDF,pedro afonso,63
TO,PEJ,ponte alta do bom jesus,63
TO,PIT,paraiso do tocantins,63
TO,PKY,presidente kennedy,63
TO,PMG,pindorama do tocantins,63
TO,PMJ,palmas,63
TO,PMP,palmeiropolis,63
TO,PNK,parana,63
TO,POL,ponte alta do tocantins,63
TO,PTT,porto alegre do tocantins,63
TO,PUM,pium,63
TO,PXC,porto nacional,63
TO,PXE,peixe,63
TO,PZN,praia norte,63
TO,PZR,pequizeiro,63
TO,RSN,rio sono,63
TO,SCT,sao sebastiao do tocantins,63
TO,STD,santa rosa do tocantins,63
TO,SVO,sitio novo do tocantins,63
TO,SVP,silvanopolis,63
TO,SVV,sao valerio da natividade,63
TO,SWX,santa tereza do tocantins,63
TO,SZP,sampaio,63
TO,TAT,tocantinia,63
TO,TGG,taguatinga,63
TO,TNS,tocantinopolis,63
TO,WDA,wanderlandia,63
TO,XMA,xambioa,63
